step,time,minutes_from_start,CGM,basal_rate,bolus,IOB,IOB_Model,CHO,aggression,trend_mgdl_min,target,mpc_used,mpc_u0,mpc_usteady,mpc_predicted_final_bg,mpc_disturbance_est,mpc_internal_model
0,2025-01-01 00:00,0.0,175.0,9.0,0.0,0.45,PURE_MPC_BERGMAN,0.0,1.0,0.0,120.0,1,0.15,0.12,91.52,0.0,iob_linear
0,2025-01-01 00:03,3.0,175.0,9.0,0.0,0.9,PURE_MPC_BERGMAN,0.0,1.0,0.0,120.0,1,0.15,0.1125,91.42,0.06074,iob_linear
0,2025-01-01 00:06,6.0,174.3,9.0,0.0,1.349,PURE_MPC_BERGMAN,0.0,1.0,0.0,120.0,1,0.15,0.105,93.25,0.16398,iob_linear
0,2025-01-01 00:09,9.0,172.2,9.0,0.0,1.798,PURE_MPC_BERGMAN,0.0,1.0,0.0,120.0,1,0.15,0.0975,95.36,0.29692,iob_linear
0,2025-01-01 00:12,12.0,168.9,9.0,0.0,2.247,PURE_MPC_BERGMAN,0.0,1.0,0.0,120.0,1,0.15,0.09,97.61,0.45059,iob_linear
0,2025-01-01 00:15,15.0,164.9,9.0,0.0,2.694,PURE_MPC_BERGMAN,0.0,1.0,-0.674,120.0,1,0.15,0.06,101.95,0.41642,iob_linear
0,2025-01-01 00:18,18.0,160.7,9.0,0.0,3.141,PURE_MPC_BERGMAN,0.0,1.0,-0.814,120.0,1,0.15,0.03,107.77,0.41105,iob_linear
0,2025-01-01 00:21,21.0,156.7,8.74575,0.0,3.575,PURE_MPC_BERGMAN,0.0,1.0,-0.917,120.0,1,0.145762,0.007288,111.33,0.43675,iob_linear
0,2025-01-01 00:24,24.0,153.2,6.77095,0.0,3.908,PURE_MPC_BERGMAN,0.0,1.0,-0.981,120.0,1,0.112849,0.0,109.67,0.494,iob_linear
0,2025-01-01 00:27,27.0,150.7,1.10483,0.0,3.957,PURE_MPC_BERGMAN,0.0,1.0,-1.006,120.0,1,0.018414,0.0,111.07,0.57162,iob_linear
0,2025-01-01 00:30,30.0,149.3,0.36386,0.0,3.968,PURE_MPC_BERGMAN,0.0,1.0,-1.076,120.0,1,0.006064,0.0,111.88,0.61167,iob_linear
0,2025-01-01 00:33,33.0,148.9,1.81436,0.0,4.05,PURE_MPC_BERGMAN,0.0,1.0,-1.05,120.0,1,0.030239,0.0,112.08,0.6489,iob_linear
0,2025-01-01 00:36,36.0,149.2,4.97645,0.0,4.29,PURE_MPC_BERGMAN,0.0,1.0,-0.928,120.0,1,0.082941,0.0,112.21,0.72278,iob_linear
0,2025-01-01 00:39,39.0,150.0,6.67851,0.0,4.613,PURE_MPC_BERGMAN,0.0,1.0,-0.737,120.0,1,0.111308,0.0,115.38,0.86391,iob_linear
0,2025-01-01 00:42,42.0,151.0,6.09687,0.0,4.906,PURE_MPC_BERGMAN,0.0,1.0,-0.51,120.0,1,0.101615,0.015242,114.12,1.07442,iob_linear
0,2025-01-01 00:45,45.0,152.2,5.57,0.0,5.171,PURE_MPC_BERGMAN,0.0,1.0,-0.278,120.0,1,0.092833,0.037133,112.04,1.33083,iob_linear
0,2025-01-01 00:48,48.0,153.1,5.0931,0.0,5.41,PURE_MPC_BERGMAN,0.0,1.0,-0.071,120.0,1,0.084885,0.059419,111.28,1.60827,iob_linear
0,2025-01-01 00:51,51.0,153.7,4.66181,0.0,5.627,PURE_MPC_BERGMAN,0.0,1.0,0.087,120.0,1,0.077697,0.077697,112.85,1.8823,iob_linear
0,2025-01-01 00:54,54.0,153.7,4.27215,0.0,5.822,PURE_MPC_BERGMAN,0.0,1.0,0.18,120.0,1,0.071203,0.071203,128.12,2.13106,iob_linear
0,2025-01-01 00:57,57.0,152.8,3.92049,0.0,5.998,PURE_MPC_BERGMAN,0.0,1.0,0.199,120.0,1,0.065341,0.065341,140.02,2.33741,iob_linear
0,2025-01-01 01:00,60.0,151.2,3.6035,0.0,6.157,PURE_MPC_BERGMAN,0.0,1.0,0.149,120.0,1,0.060058,0.060058,147.91,2.49074,iob_linear
0,2025-01-01 01:03,63.0,149.1,3.31817,0.0,6.299,PURE_MPC_BERGMAN,0.0,1.0,0.044,120.0,1,0.055303,0.055303,151.89,2.58779,iob_linear
0,2025-01-01 01:06,66.0,146.8,3.06172,0.0,6.427,PURE_MPC_BERGMAN,0.0,1.0,-0.097,120.0,1,0.051029,0.051029,152.56,2.63259,iob_linear
0,2025-01-01 01:09,69.0,144.7,2.83164,0.0,6.541,PURE_MPC_BERGMAN,0.0,1.0,-0.249,120.0,1,0.047194,0.047194,150.9,2.63571,iob_linear
0,2025-01-01 01:12,72.0,143.1,2.62564,0.0,6.644,PURE_MPC_BERGMAN,0.0,1.0,-0.384,120.0,1,0.043761,0.043761,148.17,2.61288,iob_linear
0,2025-01-01 01:15,75.0,142.2,2.4416,0.0,6.735,PURE_MPC_BERGMAN,0.0,1.0,-0.479,120.0,1,0.040693,0.040693,145.59,2.58229,iob_linear
0,2025-01-01 01:18,78.0,141.8,2.27761,0.0,6.816,PURE_MPC_BERGMAN,0.0,1.0,-0.52,120.0,1,0.03796,0.03796,144.02,2.56076,iob_linear
0,2025-01-01 01:21,81.0,141.6,2.13194,0.0,6.887,PURE_MPC_BERGMAN,0.0,1.0,-0.507,120.0,1,0.035532,0.035532,143.95,2.56061,iob_linear
0,2025-01-01 01:24,84.0,141.4,2.00299,0.0,6.95,PURE_MPC_BERGMAN,0.0,1.0,-0.449,120.0,1,0.033383,0.033383,145.5,2.58754,iob_linear
0,2025-01-01 01:27,87.0,141.0,1.8893,0.0,7.006,PURE_MPC_BERGMAN,0.0,1.0,-0.367,120.0,1,0.031488,0.031488,148.32,2.63942,iob_linear
0,2025-01-01 01:30,90.0,140.3,1.8,0.0,7.055,PURE_MPC_BERGMAN,0.0,1.0,-0.287,120.0,1,0.03,0.03,151.66,2.70736,iob_linear
0,2025-01-01 01:33,93.0,139.3,1.8,0.0,7.101,PURE_MPC_BERGMAN,0.0,1.0,-0.227,120.0,1,0.03,0.03,154.09,2.77937,iob_linear
0,2025-01-01 01:36,96.0,138.1,1.8,0.0,7.146,PURE_MPC_BERGMAN,0.0,1.0,-0.2,120.0,1,0.03,0.03,155.94,2.84424,iob_linear
0,2025-01-01 01:39,99.0,136.8,1.8,0.0,7.189,PURE_MPC_BERGMAN,0.0,1.0,-0.207,120.0,1,0.03,0.03,156.79,2.89354,iob_linear
0,2025-01-01 01:42,102.0,135.5,1.8,0.0,7.229,PURE_MPC_BERGMAN,0.0,1.0,-0.241,120.0,1,0.03,0.03,156.51,2.92367,iob_linear
0,2025-01-01 01:45,105.0,134.2,1.8,0.0,7.267,PURE_MPC_BERGMAN,0.0,1.0,-0.288,120.0,1,0.03,0.03,155.21,2.93611,iob_linear
0,2025-01-01 01:48,108.0,132.9,1.8,0.0,7.303,PURE_MPC_BERGMAN,0.0,1.0,-0.336,120.0,1,0.03,0.03,153.15,2.93543,iob_linear
0,2025-01-01 01:51,111.0,131.6,1.8,0.0,7.336,PURE_MPC_BERGMAN,0.0,1.0,-0.378,120.0,1,0.03,0.03,150.63,2.92722,iob_linear
0,2025-01-01 01:54,114.0,130.1,1.8,0.0,7.368,PURE_MPC_BERGMAN,0.0,1.0,-0.41,120.0,1,0.03,0.03,147.92,2.91638,iob_linear
0,2025-01-01 01:57,117.0,128.6,1.8,0.0,7.396,PURE_MPC_BERGMAN,0.0,1.0,-0.434,120.0,1,0.03,0.03,145.15,2.90586,iob_linear
0,2025-01-01 02:00,120.0,126.9,1.8,0.0,7.423,PURE_MPC_BERGMAN,0.0,1.0,-0.454,120.0,1,0.03,0.03,142.37,2.89642,iob_linear
0,2025-01-01 02:03,123.0,125.2,1.8,0.0,7.447,PURE_MPC_BERGMAN,0.0,1.0,-0.473,120.0,1,0.03,0.03,139.63,2.88768,iob_linear
0,2025-01-01 02:06,126.0,123.5,1.8,0.0,7.469,PURE_MPC_BERGMAN,0.0,1.0,-0.492,120.0,1,0.03,0.03,136.96,2.87906,iob_linear
0,2025-01-01 02:09,129.0,121.8,1.8,0.0,7.489,PURE_MPC_BERGMAN,0.0,1.0,-0.51,120.0,1,0.03,0.03,134.41,2.87057,iob_linear
0,2025-01-01 02:12,132.0,120.4,1.8,0.0,7.506,PURE_MPC_BERGMAN,0.0,1.0,-0.524,120.0,1,0.03,0.03,132.12,2.86323,iob_linear
0,2025-01-01 02:15,135.0,119.1,1.8,0.0,7.52,PURE_MPC_BERGMAN,0.0,1.0,-0.528,120.0,1,0.03,0.03,130.29,2.85918,iob_linear
0,2025-01-01 02:18,138.0,118.1,1.53,0.0,7.519,PURE_MPC_BERGMAN,0.0,1.0,-0.518,120.0,1,0.0255,0.03,129.41,2.86131,iob_linear
0,2025-01-01 02:21,141.0,117.4,1.17,0.0,7.497,PURE_MPC_BERGMAN,0.0,1.0,-0.49,120.0,1,0.0195,0.03,129.72,2.87098,iob_linear
0,2025-01-01 02:24,144.0,117.2,1.8,0.0,7.504,PURE_MPC_BERGMAN,0.0,1.0,-0.441,120.0,1,0.03,0.03,130.38,2.88935,iob_linear
0,2025-01-01 02:27,147.0,118.9,1.8,0.0,7.509,PURE_MPC_BERGMAN,0.0,1.0,-0.344,120.0,1,0.03,0.03,134.55,2.93241,iob_linear
0,2025-01-01 02:30,150.0,123.1,1.8,0.0,7.511,PURE_MPC_BERGMAN,0.0,1.0,-0.169,120.0,1,0.03,0.03,143.59,3.01555,iob_linear
0,2025-01-01 02:33,153.0,124.6,1.8,0.0,7.51,PURE_MPC_BERGMAN,0.0,1.0,0.01,120.0,1,0.03,0.03,151.83,3.12792,iob_linear
0,2025-01-01 02:36,156.0,124.0,1.8,0.0,7.507,PURE_MPC_BERGMAN,0.0,1.0,0.144,120.0,1,0.03,0.03,158.37,3.24655,iob_linear
0,2025-01-01 02:39,159.0,121.8,1.8,0.0,7.501,PURE_MPC_BERGMAN,0.0,1.0,0.199,120.0,1,0.03,0.03,162.18,3.34569,iob_linear
0,2025-01-01 02:42,162.0,118.5,1.8,0.0,7.492,PURE_MPC_BERGMAN,0.0,1.0,0.161,120.0,1,0.03,0.03,162.38,3.40278,iob_linear
0,2025-01-01 02:45,165.0,114.5,1.8,0.0,7.481,PURE_MPC_BERGMAN,0.0,1.0,0.029,120.0,1,0.03,0.03,158.52,3.40219,iob_linear
0,2025-01-01 02:48,168.0,110.4,1.8,0.0,7.467,PURE_MPC_BERGMAN,0.0,1.0,-0.181,120.0,1,0.03,0.03,150.71,3.33729,iob_linear
0,2025-01-01 02:51,171.0,106.6,1.8,0.0,7.45,PURE_MPC_BERGMAN,0.0,1.0,-0.443,120.0,1,0.03,0.03,139.62,3.21134,iob_linear
0,2025-01-01 02:54,174.0,103.6,0.0,0.0,7.341,PURE_MPC_BERGMAN,0.0,1.0,-0.72,120.0,0,0.0,0.0,103.61,3.03772,iob_linear
0,2025-01-01 02:57,177.0,101.9,0.0,0.0,7.228,PURE_MPC_BERGMAN,0.0,1.0,-0.935,120.0,0,0.0,0.0,101.91,2.83689,iob_linear
0,2025-01-01 03:00,180.0,101.6,0.0,0.0,7.115,PURE_MPC_BERGMAN,0.0,1.0,-0.996,120.0,0,0.0,0.0,101.56,2.66292,iob_linear
0,2025-01-01 03:03,183.0,102.1,0.0,0.0,7.002,PURE_MPC_BERGMAN,0.0,1.0,-0.925,120.0,0,0.0,0.0,102.13,2.54703,iob_linear
0,2025-01-01 03:06,186.0,103.1,0.0,0.0,6.888,PURE_MPC_BERGMAN,0.0,1.0,-0.76,120.0,0,0.0,0.0,103.07,2.50022,iob_linear
0,2025-01-01 03:09,189.0,103.9,0.0,0.0,6.774,PURE_MPC_BERGMAN,0.0,1.0,-0.544,120.0,0,0.0,0.0,103.85,2.5167,iob_linear
0,2025-01-01 03:12,192.0,104.0,0.0,0.0,6.661,PURE_MPC_BERGMAN,0.0,1.0,-0.329,120.0,0,0.0,0.0,103.97,2.57767,iob_linear
0,2025-01-01 03:15,195.0,103.2,0.0,0.0,6.548,PURE_MPC_BERGMAN,0.0,1.0,-0.156,120.0,0,0.0,0.0,103.24,2.65688,iob_linear
0,2025-01-01 03:18,198.0,101.9,0.0,0.0,6.436,PURE_MPC_BERGMAN,0.0,1.0,-0.053,120.0,0,0.0,0.0,101.91,2.7278,iob_linear
0,2025-01-01 03:21,201.0,100.3,0.0,0.0,6.325,PURE_MPC_BERGMAN,0.0,1.0,-0.03,120.0,0,0.0,0.0,100.34,2.76942,iob_linear
0,2025-01-01 03:24,204.0,98.9,0.0,0.0,6.214,PURE_MPC_BERGMAN,0.0,1.0,-0.073,120.0,0,0.0,0.0,98.89,2.77052,iob_linear
0,2025-01-01 03:27,207.0,97.9,0.0,0.0,6.103,PURE_MPC_BERGMAN,0.0,1.0,-0.154,120.0,0,0.0,0.0,97.85,2.7321,iob_linear
0,2025-01-01 03:30,210.0,97.3,0.0,0.0,5.992,PURE_MPC_BERGMAN,0.0,1.0,-0.236,120.0,0,0.0,0.0,97.33,2.66567,iob_linear
0,2025-01-01 03:33,213.0,97.0,0.0,0.0,5.881,PURE_MPC_BERGMAN,0.0,1.0,-0.294,120.0,0,0.0,0.0,97.03,2.58683,iob_linear
0,2025-01-01 03:36,216.0,96.6,0.0,0.0,5.77,PURE_MPC_BERGMAN,0.0,1.0,-0.318,120.0,0,0.0,0.0,96.59,2.50938,iob_linear
0,2025-01-01 03:39,219.0,95.7,0.0,0.0,5.66,PURE_MPC_BERGMAN,0.0,1.0,-0.315,120.0,0,0.0,0.0,95.66,2.44094,iob_linear
0,2025-01-01 03:42,222.0,93.9,0.0,0.0,5.551,PURE_MPC_BERGMAN,0.0,1.0,-0.308,120.0,0,0.0,0.0,93.91,2.38018,iob_linear
0,2025-01-01 03:45,225.0,91.3,0.0,0.0,5.443,PURE_MPC_BERGMAN,0.0,1.0,-0.325,120.0,0,0.0,0.0,91.28,2.31794,iob_linear
0,2025-01-01 03:48,228.0,88.1,0.0,0.0,5.336,PURE_MPC_BERGMAN,0.0,1.0,-0.381,120.0,0,0.0,0.0,88.09,2.24302,iob_linear
0,2025-01-01 03:51,231.0,84.7,0.0,0.0,5.231,PURE_MPC_BERGMAN,0.0,1.0,-0.478,120.0,0,0.0,0.0,84.71,2.14725,iob_linear
0,2025-01-01 03:54,234.0,81.6,0.0,0.0,5.127,PURE_MPC_BERGMAN,0.0,1.0,-0.601,120.0,0,0.0,0.0,81.55,2.02903,iob_linear
0,2025-01-01 03:57,237.0,79.0,0.0,0.0,5.024,PURE_MPC_BERGMAN,0.0,1.0,-0.724,120.0,0,0.0,0.0,78.97,1.89534,iob_linear
0,2025-01-01 04:00,240.0,77.2,0.0,0.0,4.922,PURE_MPC_BERGMAN,0.0,1.0,-0.814,120.0,0,0.0,0.0,77.22,1.76078,iob_linear
0,2025-01-01 04:03,243.0,76.3,0.0,0.0,4.821,PURE_MPC_BERGMAN,0.0,1.0,-0.846,120.0,0,0.0,0.0,76.33,1.6433,iob_linear
0,2025-01-01 04:06,246.0,76.3,0.0,0.0,4.721,PURE_MPC_BERGMAN,0.0,1.0,-0.804,120.0,0,0.0,0.0,76.31,1.55995,iob_linear
0,2025-01-01 04:09,249.0,77.1,0.0,0.0,4.623,PURE_MPC_BERGMAN,0.0,1.0,-0.686,120.0,0,0.0,0.0,77.14,1.52355,iob_linear
0,2025-01-01 04:12,252.0,78.8,0.0,0.0,4.526,PURE_MPC_BERGMAN,0.0,1.0,-0.502,120.0,0,0.0,0.0,78.8,1.54006,iob_linear
0,2025-01-01 04:15,255.0,81.1,0.0,0.0,4.43,PURE_MPC_BERGMAN,0.0,1.0,-0.273,120.0,0,0.0,0.0,81.1,1.60711,iob_linear
0,2025-01-01 04:18,258.0,83.6,0.0,0.0,4.335,PURE_MPC_BERGMAN,0.0,1.0,-0.029,120.0,0,0.0,0.0,83.6,1.71436,iob_linear
0,2025-01-01 04:21,261.0,85.8,0.0,0.0,4.242,PURE_MPC_BERGMAN,0.0,1.0,0.199,120.0,1,0.0,0.0,115.69,1.84491,iob_linear
0,2025-01-01 04:24,264.0,87.2,0.0,0.0,4.149,PURE_MPC_BERGMAN,0.0,1.0,0.378,120.0,1,0.0,0.0,126.81,1.97732,iob_linear
0,2025-01-01 04:27,267.0,87.4,0.0,0.0,4.058,PURE_MPC_BERGMAN,0.0,1.0,0.48,120.0,1,0.0,0.0,135.39,2.08825,iob_linear
0,2025-01-01 04:30,270.0,86.2,0.0,0.0,3.968,PURE_MPC_BERGMAN,0.0,1.0,0.487,120.0,1,0.0,0.005913,136.26,2.15582,iob_linear
0,2025-01-01 04:33,273.0,83.9,0.0,0.0,3.879,PURE_MPC_BERGMAN,0.0,1.0,0.395,120.0,1,0.0,0.0,139.71,2.16338,iob_linear
0,2025-01-01 04:36,276.0,80.6,0.0,0.0,3.792,PURE_MPC_BERGMAN,0.0,1.0,0.213,120.0,1,0.0,0.0,134.45,2.10213,iob_linear
0,2025-01-01 04:39,279.0,76.9,0.0,0.0,3.705,PURE_MPC_BERGMAN,0.0,1.0,-0.036,120.0,0,0.0,0.0,76.85,1.97253,iob_linear
0,2025-01-01 04:42,282.0,72.8,0.0,0.0,3.62,PURE_MPC_BERGMAN,0.0,1.0,-0.321,120.0,0,0.0,0.0,72.83,1.78476,iob_linear
0,2025-01-01 04:45,285.0,68.9,0.0,0.0,3.536,PURE_MPC_BERGMAN,0.0,1.0,-0.602,120.0,0,0.0,0.0,68.89,1.55752,iob_linear
0,2025-01-01 04:48,288.0,65.4,0.0,0.0,3.454,PURE_MPC_BERGMAN,0.0,1.0,-0.842,120.0,0,0.0,0.0,65.35,1.31494,iob_linear
0,2025-01-01 04:51,291.0,62.5,0.0,0.0,3.373,PURE_MPC_BERGMAN,0.0,1.0,-1.012,120.0,0,0.0,0.0,62.52,1.08321,iob_linear
0,2025-01-01 04:54,294.0,60.7,0.0,0.0,3.293,PURE_MPC_BERGMAN,0.0,1.0,-1.088,120.0,0,0.0,0.0,60.71,0.88713,iob_linear
0,2025-01-01 04:57,297.0,58.8,0.0,0.0,3.214,PURE_MPC_BERGMAN,0.0,1.0,-1.087,120.0,0,0.0,0.0,58.82,0.73941,iob_linear
0,2025-01-01 05:00,300.0,55.4,0.0,0.0,3.137,PURE_MPC_BERGMAN,0.0,1.0,-1.059,120.0,0,0.0,0.0,55.41,0.63382,iob_linear
0,2025-01-01 05:03,303.0,52.9,0.0,0.0,3.061,PURE_MPC_BERGMAN,0.0,1.0,-1.005,120.0,0,0.0,0.0,52.87,0.56566,iob_linear
0,2025-01-01 05:06,306.0,51.2,0.0,0.0,2.987,PURE_MPC_BERGMAN,0.0,1.0,-0.928,120.0,0,0.0,0.0,51.2,0.53076,iob_linear
0,2025-01-01 05:09,309.0,50.4,0.0,0.0,2.914,PURE_MPC_BERGMAN,0.0,1.0,-0.831,120.0,0,0.0,0.0,50.39,0.52536,iob_linear
0,2025-01-01 05:12,312.0,50.4,0.0,0.0,2.842,PURE_MPC_BERGMAN,0.0,1.0,-0.716,120.0,0,0.0,0.0,50.43,0.54628,iob_linear
0,2025-01-01 05:15,315.0,51.3,0.0,0.0,2.772,PURE_MPC_BERGMAN,0.0,1.0,-0.582,120.0,0,0.0,0.0,51.3,0.59149,iob_linear
0,2025-01-01 05:18,318.0,53.0,0.0,0.0,2.703,PURE_MPC_BERGMAN,0.0,1.0,-0.424,120.0,0,0.0,0.0,53.01,0.66089,iob_linear
0,2025-01-01 05:21,321.0,55.5,0.0,0.0,2.635,PURE_MPC_BERGMAN,0.0,1.0,-0.234,120.0,0,0.0,0.0,55.53,0.75726,iob_linear
0,2025-01-01 05:24,324.0,58.9,0.0,0.0,2.569,PURE_MPC_BERGMAN,0.0,1.0,0.005,120.0,0,0.0,0.0,58.87,0.88729,iob_linear
0,2025-01-01 05:27,327.0,63.0,0.0,0.0,2.505,PURE_MPC_BERGMAN,0.0,1.0,0.284,120.0,0,0.0,0.0,62.98,1.05314,iob_linear
0,2025-01-01 05:30,330.0,67.7,0.0,0.0,2.442,PURE_MPC_BERGMAN,0.0,1.0,0.556,120.0,0,0.0,0.0,67.71,1.24225,iob_linear
0,2025-01-01 05:33,333.0,72.7,0.0,0.0,2.381,PURE_MPC_BERGMAN,0.0,1.0,0.813,120.0,0,0.0,0.0,72.67,1.4431,iob_linear
0,2025-01-01 05:36,336.0,77.4,0.0,0.0,2.321,PURE_MPC_BERGMAN,0.0,1.0,1.039,120.0,1,0.0,0.0,131.66,1.64329,iob_linear
0,2025-01-01 05:39,339.0,81.6,0.0,0.0,2.262,PURE_MPC_BERGMAN,0.0,1.0,1.217,120.0,1,0.0,0.0225,134.05,1.82876,iob_linear
0,2025-01-01 05:42,342.0,84.8,0.0,0.0,2.206,PURE_MPC_BERGMAN,0.0,1.0,1.328,120.0,1,0.0,0.0525,128.95,1.98397,iob_linear
0,2025-01-01 05:45,345.0,87.0,0.0,0.0,2.151,PURE_MPC_BERGMAN,0.0,1.0,1.359,120.0,1,0.0,0.075,124.77,2.09426,iob_linear
0,2025-01-01 05:48,348.0,88.6,0.0,0.0,2.097,PURE_MPC_BERGMAN,0.0,1.0,1.313,120.0,1,0.0,0.09,121.41,2.15016,iob_linear
0,2025-01-01 05:51,351.0,90.1,0.0,0.0,2.045,PURE_MPC_BERGMAN,0.0,1.0,1.207,120.0,1,0.0,0.09,123.99,2.15046,iob_linear
0,2025-01-01 05:54,354.0,92.2,0.0,0.0,1.995,PURE_MPC_BERGMAN,0.0,1.0,1.074,120.0,1,0.0,0.0975,119.55,2.10368,iob_linear
0,2025-01-01 05:57,357.0,95.3,0.0,0.0,1.946,PURE_MPC_BERGMAN,0.0,1.0,0.953,120.0,1,0.0,0.0975,119.0,2.02782,iob_linear
0,2025-01-01 06:00,360.0,99.4,0.0,0.0,1.898,PURE_MPC_BERGMAN,0.0,1.0,0.881,120.0,1,0.0,0.0975,119.1,1.94632,iob_linear
0,2025-01-01 06:03,363.0,103.8,0.0,0.0,1.851,PURE_MPC_BERGMAN,0.0,1.0,0.871,120.0,1,0.0,0.105,115.78,1.87995,iob_linear
0,2025-01-01 06:06,366.0,107.8,7.2,0.0,2.165,PURE_MPC_BERGMAN,0.0,1.0,0.915,120.0,1,0.12,0.0975,116.0,1.84031,iob_linear
0,2025-01-01 06:09,369.0,110.6,9.0,0.0,2.57,PURE_MPC_BERGMAN,0.0,1.0,0.98,120.0,1,0.15,0.09,117.92,1.8744,iob_linear
0,2025-01-01 06:12,372.0,111.5,9.0,0.0,2.976,PURE_MPC_BERGMAN,0.0,1.0,1.014,120.0,1,0.15,0.09,116.6,1.9634,iob_linear
0,2025-01-01 06:15,375.0,110.4,5.4,0.0,3.203,PURE_MPC_BERGMAN,0.0,1.0,0.97,120.0,1,0.09,0.09,117.65,2.06713,iob_linear
0,2025-01-01 06:18,378.0,108.2,0.0,0.0,3.16,PURE_MPC_BERGMAN,0.0,1.0,0.825,120.0,1,0.0,0.093542,117.77,2.12691,iob_linear
0,2025-01-01 06:21,381.0,105.8,0.0,0.0,3.118,PURE_MPC_BERGMAN,0.0,1.0,0.592,120.0,1,0.0,0.087114,118.15,2.09318,iob_linear
0,2025-01-01 06:24,384.0,104.3,0.0,0.0,3.077,PURE_MPC_BERGMAN,0.0,1.0,0.315,120.0,1,0.0,0.073226,119.33,1.98074,iob_linear
0,2025-01-01 06:27,387.0,104.5,0.0,0.0,3.036,PURE_MPC_BERGMAN,0.0,1.0,0.063,120.0,1,0.0,0.051694,124.2,1.82067,iob_linear
0,2025-01-01 06:30,390.0,106.8,0.0,0.0,2.995,PURE_MPC_BERGMAN,0.0,1.0,-0.095,120.0,1,0.0,0.044678,121.74,1.65579,iob_linear
0,2025-01-01 06:33,393.0,110.3,0.0,0.0,2.955,PURE_MPC_BERGMAN,0.0,1.0,-0.12,120.0,1,0.0,0.0375,122.76,1.52729,iob_linear
0,2025-01-01 06:36,396.0,114.0,0.45,0.0,2.939,PURE_MPC_BERGMAN,0.0,1.0,-0.016,120.0,1,0.0075,0.0375,122.9,1.46322,iob_linear
0,2025-01-01 06:39,399.0,116.8,2.25,0.0,3.012,PURE_MPC_BERGMAN,0.0,1.0,0.176,120.0,1,0.0375,0.045,120.25,1.47387,iob_linear
0,2025-01-01 06:42,402.0,117.8,3.14244,0.0,3.13,PURE_MPC_BERGMAN,0.0,1.0,0.382,120.0,1,0.052374,0.052374,119.19,1.553,iob_linear
0,2025-01-01 06:45,405.0,116.8,3.0678,0.0,3.246,PURE_MPC_BERGMAN,0.0,1.0,0.519,120.0,1,0.05113,0.058434,118.93,1.66532,iob_linear
0,2025-01-01 06:48,408.0,114.2,0.4279,0.0,3.229,PURE_MPC_BERGMAN,0.0,1.0,0.533,120.0,1,0.007132,0.064185,119.14,1.76384,iob_linear
0,2025-01-01 06:51,411.0,111.1,0.0,0.0,3.191,PURE_MPC_BERGMAN,0.0,1.0,0.413,120.0,1,0.0,0.064411,118.44,1.79451,iob_linear
0,2025-01-01 06:54,414.0,108.2,0.0,0.0,3.153,PURE_MPC_BERGMAN,0.0,1.0,0.186,120.0,1,0.0,0.050494,121.83,1.74264,iob_linear
0,2025-01-01 06:57,417.0,106.4,0.0,0.0,3.116,PURE_MPC_BERGMAN,0.0,1.0,-0.085,120.0,1,0.0,0.02908,126.7,1.62009,iob_linear
0,2025-01-01 07:00,420.0,106.0,0.0,0.0,3.079,PURE_MPC_BERGMAN,0.0,1.0,-0.32,120.0,1,0.0,0.014652,126.3,1.45885,iob_linear
0,2025-01-01 07:03,423.0,106.7,0.0,0.0,3.042,PURE_MPC_BERGMAN,0.0,1.0,-0.46,120.0,1,0.0,0.0,127.24,1.29887,iob_linear
0,2025-01-01 07:06,426.0,108.1,0.0,0.0,3.005,PURE_MPC_BERGMAN,0.0,1.0,-0.477,120.0,1,0.0,0.0,122.04,1.17661,iob_linear
0,2025-01-01 07:09,429.0,109.9,0.0,0.0,2.968,PURE_MPC_BERGMAN,0.0,1.0,-0.377,120.0,1,0.0,0.0,120.88,1.11625,iob_linear
0,2025-01-01 07:12,432.0,111.6,0.0,0.0,2.931,PURE_MPC_BERGMAN,0.0,1.0,-0.195,120.0,1,0.0,0.0,123.68,1.12356,iob_linear
0,2025-01-01 07:15,435.0,112.8,0.0,0.0,2.895,PURE_MPC_BERGMAN,0.0,1.0,0.01,120.0,1,0.0,0.0075,124.56,1.18507,iob_linear
0,2025-01-01 07:18,438.0,113.0,0.0,0.0,2.858,PURE_MPC_BERGMAN,0.0,1.0,0.179,120.0,1,0.0,0.0225,121.5,1.27399,iob_linear
0,2025-01-01 07:21,441.0,112.0,0.0,0.0,2.822,PURE_MPC_BERGMAN,0.0,1.0,0.265,120.0,1,0.0,0.03,121.46,1.35703,iob_linear
0,2025-01-01 07:24,444.0,109.3,0.0,0.0,2.785,PURE_MPC_BERGMAN,0.0,1.0,0.233,120.0,1,0.0,0.03,122.0,1.40069,iob_linear
0,2025-01-01 07:27,447.0,105.7,0.0,0.0,2.749,PURE_MPC_BERGMAN,0.0,1.0,0.092,120.0,1,0.0,0.015,127.51,1.38413,iob_linear
0,2025-01-01 07:30,450.0,103.7,0.0,0.0,2.713,PURE_MPC_BERGMAN,0.0,1.0,-0.093,120.0,0,0.0,0.0,103.67,1.31221,iob_linear
0,2025-01-01 07:33,453.0,102.6,0.0,0.0,2.676,PURE_MPC_BERGMAN,0.0,1.0,-0.272,120.0,0,0.0,0.0,102.61,1.2033,iob_linear
0,2025-01-01 07:36,456.0,102.3,0.0,0.0,2.64,PURE_MPC_BERGMAN,0.0,1.0,-0.407,120.0,0,0.0,0.0,102.33,1.08162,iob_linear
0,2025-01-01 07:39,459.0,102.7,0.0,0.0,2.604,PURE_MPC_BERGMAN,0.0,1.0,-0.473,120.0,0,0.0,0.0,102.67,0.97163,iob_linear
0,2025-01-01 07:42,462.0,103.4,0.0,0.0,2.567,PURE_MPC_BERGMAN,0.0,1.0,-0.459,120.0,0,0.0,0.0,103.42,0.8939,iob_linear
0,2025-01-01 07:45,465.0,104.4,0.0,0.0,2.531,PURE_MPC_BERGMAN,0.0,1.0,-0.368,120.0,0,0.0,0.0,104.39,0.86181,iob_linear
0,2025-01-01 07:48,468.0,105.4,0.0,0.0,2.494,PURE_MPC_BERGMAN,0.0,1.0,-0.219,120.0,1,0.0,0.0,110.97,0.87917,iob_linear
0,2025-01-01 07:51,471.0,106.2,0.0,0.0,2.458,PURE_MPC_BERGMAN,0.0,1.0,-0.047,120.0,1,0.0,0.0,116.03,0.93812,iob_linear
0,2025-01-01 07:54,474.0,106.7,0.0,0.0,2.421,PURE_MPC_BERGMAN,0.0,1.0,0.097,120.0,1,0.0,0.0,121.97,1.0175,iob_linear
0,2025-01-01 07:57,477.0,106.7,0.0,0.0,2.366,PURE_MPC_BERGMAN,0.0,1.0,0.172,120.0,1,0.0,0.0,127.03,1.09066,iob_linear
0,2025-01-01 08:00,480.0,106.2,0.0,0.0,2.311,PURE_MPC_BERGMAN,0.0,1.0,0.189,120.0,1,0.0,0.0075,125.83,1.13942,iob_linear
0,2025-01-01 08:03,483.0,105.6,0.0,0.0,2.256,PURE_MPC_BERGMAN,0.0,1.0,0.16,120.0,1,0.0,0.0075,127.33,1.15756,iob_linear
0,2025-01-01 08:06,486.0,105.3,0.0,0.0,2.202,PURE_MPC_BERGMAN,0.0,1.0,0.107,120.0,1,0.0,0.0075,127.36,1.1469,iob_linear
0,2025-01-01 08:09,489.0,105.6,0.0,0.0,2.148,PURE_MPC_BERGMAN,0.0,1.0,0.055,120.0,1,0.0,0.0075,126.86,1.11651,iob_linear
0,2025-01-01 08:12,492.0,106.9,0.0,0.0,2.095,PURE_MPC_BERGMAN,0.0,1.0,0.032,120.0,1,0.0,0.0075,127.06,1.08103,iob_linear
0,2025-01-01 08:15,495.0,109.3,0.0,0.0,2.041,PURE_MPC_BERGMAN,0.0,1.0,0.059,120.0,1,0.0,0.015,124.36,1.0573,iob_linear
0,2025-01-01 08:18,498.0,112.4,0.0,0.0,1.988,PURE_MPC_BERGMAN,0.0,1.0,0.145,120.0,1,0.0,0.0225,123.84,1.0592,iob_linear
0,2025-01-01 08:21,501.0,115.6,0.45,0.0,1.962,PURE_MPC_BERGMAN,0.0,1.0,0.28,120.0,1,0.0075,0.0375,120.32,1.09381,iob_linear
0,2025-01-01 08:24,504.0,118.4,9.0,0.0,2.376,PURE_MPC_BERGMAN,0.0,1.0,0.44,120.0,1,0.15,0.0375,119.51,1.16252,iob_linear
0,2025-01-01 08:27,507.0,120.5,9.0,0.0,2.79,PURE_MPC_BERGMAN,0.0,1.0,0.59,120.0,1,0.15,0.045,118.12,1.31132,iob_linear
0,2025-01-01 08:30,510.0,121.6,9.0,0.0,3.201,PURE_MPC_BERGMAN,0.0,1.0,0.693,120.0,1,0.15,0.0525,118.27,1.50237,iob_linear
0,2025-01-01 08:33,513.0,121.9,8.20708,0.0,3.564,PURE_MPC_BERGMAN,0.0,1.0,0.727,120.0,1,0.136785,0.064793,116.08,1.70197,iob_linear
0,2025-01-01 08:36,516.0,122.0,7.58481,0.0,3.893,PURE_MPC_BERGMAN,0.0,1.0,0.69,120.0,1,0.126413,0.073187,115.38,1.87944,iob_linear
0,2025-01-01 08:39,519.0,122.1,7.39236,0.0,4.213,PURE_MPC_BERGMAN,56.0,1.0,0.593,120.0,1,0.123206,0.123206,145.54,1.59907,iob_linear
0,2025-01-01 08:42,522.0,122.6,5.79448,0.0,4.453,PURE_MPC_BERGMAN,0.0,1.0,0.468,120.0,1,0.096575,0.045447,119.84,1.82845,iob_linear
0,2025-01-01 08:45,525.0,123.6,6.38495,0.0,4.722,PURE_MPC_BERGMAN,0.0,1.0,0.351,120.0,1,0.106416,0.053208,120.43,1.98632,iob_linear
0,2025-01-01 08:48,528.0,125.0,5.89958,0.0,4.968,PURE_MPC_BERGMAN,0.0,1.0,0.27,120.0,1,0.098326,0.063912,117.98,2.10891,iob_linear
0,2025-01-01 08:51,531.0,126.8,5.45812,0.0,5.191,PURE_MPC_BERGMAN,0.0,1.0,0.242,120.0,1,0.090969,0.072775,116.75,2.2194,iob_linear
0,2025-01-01 08:54,534.0,129.1,5.05699,0.0,5.393,PURE_MPC_BERGMAN,0.0,1.0,0.273,120.0,1,0.084283,0.084283,115.06,2.33607,iob_linear
0,2025-01-01 08:57,537.0,131.9,4.69288,0.0,5.576,PURE_MPC_BERGMAN,0.0,1.0,0.357,120.0,1,0.078215,0.078215,126.29,2.47036,iob_linear
0,2025-01-01 09:00,540.0,135.5,4.36276,0.0,5.742,PURE_MPC_BERGMAN,0.0,1.0,0.485,120.0,1,0.072713,0.072713,139.69,2.62763,iob_linear
0,2025-01-01 09:03,543.0,140.5,4.06383,0.0,5.892,PURE_MPC_BERGMAN,0.0,1.0,0.656,120.0,1,0.067731,0.067731,155.99,2.81147,iob_linear
0,2025-01-01 09:06,546.0,147.3,3.79356,0.0,6.03,PURE_MPC_BERGMAN,0.0,1.0,0.877,120.0,1,0.063226,0.063226,175.94,3.0266,iob_linear
0,2025-01-01 09:09,549.0,156.1,3.5467,0.0,6.155,PURE_MPC_BERGMAN,0.0,1.0,1.159,120.0,1,0.059112,0.059112,200.24,3.28018,iob_linear
0,2025-01-01 09:12,552.0,167.1,3.32026,0.0,6.271,PURE_MPC_BERGMAN,0.0,1.0,1.513,120.0,1,0.055338,0.055338,229.52,3.58111,iob_linear
0,2025-01-01 09:15,555.0,179.8,3.11213,0.0,6.377,PURE_MPC_BERGMAN,0.0,1.0,1.942,120.0,1,0.051869,0.051869,263.78,3.93611,iob_linear
0,2025-01-01 09:18,558.0,193.4,2.92183,0.0,6.472,PURE_MPC_BERGMAN,0.0,1.0,2.422,120.0,1,0.048697,0.048697,301.88,4.34268,iob_linear
0,2025-01-01 09:21,561.0,206.6,2.74983,0.0,6.559,PURE_MPC_BERGMAN,0.0,1.0,2.906,120.0,1,0.04583,0.04583,341.84,4.78536,iob_linear
0,2025-01-01 09:24,564.0,218.6,2.59465,0.0,6.636,PURE_MPC_BERGMAN,0.0,1.0,3.335,120.0,1,0.043244,0.043244,381.0,5.23571,iob_linear
0,2025-01-01 09:27,567.0,228.5,2.45495,0.0,6.706,PURE_MPC_BERGMAN,0.0,1.0,3.646,120.0,1,0.040916,0.040916,416.22,5.65473,iob_linear
0,2025-01-01 09:30,570.0,236.1,2.32953,0.0,6.768,PURE_MPC_BERGMAN,0.0,1.0,3.785,120.0,1,0.038825,0.038825,444.6,5.99919,iob_linear
0,2025-01-01 09:33,573.0,241.6,2.21752,0.0,6.823,PURE_MPC_BERGMAN,0.0,1.0,3.729,120.0,1,0.036959,0.036959,464.22,6.23194,iob_linear
0,2025-01-01 09:36,576.0,245.6,2.11779,0.0,6.873,PURE_MPC_BERGMAN,0.0,1.0,3.488,120.0,1,0.035297,0.035297,474.18,6.32982,iob_linear
0,2025-01-01 09:39,579.0,248.6,2.02916,0.0,6.917,PURE_MPC_BERGMAN,0.0,1.0,3.098,120.0,1,0.033819,0.033819,474.72,6.28822,iob_linear
0,2025-01-01 09:42,582.0,251.0,1.94993,0.0,6.956,PURE_MPC_BERGMAN,0.0,1.0,2.624,120.0,1,0.032499,0.032499,467.32,6.12281,iob_linear
0,2025-01-01 09:45,585.0,253.5,1.87888,0.0,6.992,PURE_MPC_BERGMAN,0.0,1.0,2.14,120.0,1,0.031315,0.031315,454.52,5.86696,iob_linear
0,2025-01-01 09:48,588.0,256.6,1.81519,0.0,7.023,PURE_MPC_BERGMAN,0.0,1.0,1.714,120.0,1,0.030253,0.030253,439.53,5.56483,iob_linear
0,2025-01-01 09:51,591.0,260.8,1.8,0.0,7.052,PURE_MPC_BERGMAN,0.0,1.0,1.402,120.0,1,0.03,0.03,425.26,5.26413,iob_linear
0,2025-01-01 09:54,594.0,266.6,1.8,0.0,7.08,PURE_MPC_BERGMAN,0.0,1.0,1.244,120.0,1,0.03,0.03,415.31,5.01017,iob_linear
0,2025-01-01 09:57,597.0,272.0,1.8,0.0,7.106,PURE_MPC_BERGMAN,0.0,1.0,1.211,120.0,1,0.03,0.03,409.13,4.82619,iob_linear
0,2025-01-01 10:00,600.0,273.5,1.8,0.0,7.132,PURE_MPC_BERGMAN,0.0,1.0,1.199,120.0,1,0.03,0.03,402.46,4.69743,iob_linear
0,2025-01-01 10:03,603.0,274.3,1.8,0.0,7.156,PURE_MPC_BERGMAN,0.0,1.0,1.174,120.0,1,0.03,0.03,397.12,4.60305,iob_linear
0,2025-01-01 10:06,606.0,274.5,1.8,0.0,7.178,PURE_MPC_BERGMAN,0.0,1.0,1.108,120.0,1,0.03,0.03,391.88,4.52042,iob_linear
0,2025-01-01 10:09,609.0,274.2,1.8,0.0,7.199,PURE_MPC_BERGMAN,0.0,1.0,0.985,120.0,1,0.03,0.03,385.64,4.42872,iob_linear
0,2025-01-01 10:12,612.0,273.5,1.8,0.0,7.219,PURE_MPC_BERGMAN,0.0,1.0,0.8,120.0,1,0.03,0.03,377.54,4.31198,iob_linear
0,2025-01-01 10:15,615.0,272.5,1.8,0.0,7.237,PURE_MPC_BERGMAN,0.0,1.0,0.563,120.0,1,0.03,0.03,367.23,4.16177,iob_linear
0,2025-01-01 10:18,618.0,271.5,1.8,0.0,7.255,PURE_MPC_BERGMAN,0.0,1.0,0.298,120.0,1,0.03,0.03,354.88,3.97959,iob_linear
0,2025-01-01 10:21,621.0,270.4,1.8,0.0,7.27,PURE_MPC_BERGMAN,0.0,1.0,0.046,120.0,1,0.03,0.03,341.43,3.77888,iob_linear
0,2025-01-01 10:24,624.0,269.4,1.8,0.0,7.283,PURE_MPC_BERGMAN,0.0,1.0,-0.133,120.0,1,0.03,0.03,328.65,3.58669,iob_linear
0,2025-01-01 10:27,627.0,268.6,1.8,0.0,7.295,PURE_MPC_BERGMAN,0.0,1.0,-0.218,120.0,1,0.03,0.03,318.13,3.42847,iob_linear
0,2025-01-01 10:30,630.0,268.1,1.8,0.0,7.305,PURE_MPC_BERGMAN,0.0,1.0,-0.265,120.0,1,0.03,0.03,309.96,3.30518,iob_linear
0,2025-01-01 10:33,633.0,267.6,1.8,0.0,7.313,PURE_MPC_BERGMAN,0.0,1.0,-0.281,120.0,1,0.03,0.03,303.94,3.21552,iob_linear
0,2025-01-01 10:36,636.0,267.1,1.8,0.0,7.319,PURE_MPC_BERGMAN,0.0,1.0,-0.274,120.0,1,0.03,0.03,299.72,3.15576,iob_linear
0,2025-01-01 10:39,639.0,266.5,1.8,0.0,7.324,PURE_MPC_BERGMAN,0.0,1.0,-0.258,120.0,1,0.03,0.03,296.79,3.11984,iob_linear
0,2025-01-01 10:42,642.0,265.5,1.8,0.0,7.327,PURE_MPC_BERGMAN,0.0,1.0,-0.243,120.0,1,0.03,0.03,294.55,3.09984,iob_linear
0,2025-01-01 10:45,645.0,264.3,1.8,0.0,7.327,PURE_MPC_BERGMAN,59.0,1.0,-0.239,120.0,1,0.03,0.03,354.43,2.64472,iob_linear
0,2025-01-01 10:48,648.0,263.0,1.8,0.0,7.326,PURE_MPC_BERGMAN,0.0,1.0,-0.249,120.0,1,0.03,0.03,271.95,2.76593,iob_linear
0,2025-01-01 10:51,651.0,262.7,1.8,0.0,7.327,PURE_MPC_BERGMAN,0.0,1.0,-0.253,120.0,1,0.03,0.03,276.67,2.84922,iob_linear
0,2025-01-01 10:54,654.0,264.2,1.8,0.0,7.325,PURE_MPC_BERGMAN,0.0,1.0,-0.221,120.0,1,0.03,0.03,282.25,2.91725,iob_linear
0,2025-01-01 10:57,657.0,267.9,1.8,0.0,7.322,PURE_MPC_BERGMAN,0.0,1.0,-0.119,120.0,1,0.03,0.03,290.62,2.99535,iob_linear
0,2025-01-01 11:00,660.0,273.7,1.8,0.0,7.316,PURE_MPC_BERGMAN,0.0,1.0,0.08,120.0,1,0.03,0.03,303.36,3.10922,iob_linear
0,2025-01-01 11:03,663.0,281.6,1.8,0.0,7.308,PURE_MPC_BERGMAN,0.0,1.0,0.389,120.0,1,0.03,0.03,321.63,3.28084,iob_linear
0,2025-01-01 11:06,666.0,291.2,1.8,0.0,7.298,PURE_MPC_BERGMAN,0.0,1.0,0.805,120.0,1,0.03,0.03,346.0,3.52473,iob_linear
0,2025-01-01 11:09,669.0,302.0,1.8,0.0,7.286,PURE_MPC_BERGMAN,0.0,1.0,1.306,120.0,1,0.03,0.03,376.21,3.84449,iob_linear
0,2025-01-01 11:12,672.0,313.5,1.8,0.0,7.271,PURE_MPC_BERGMAN,0.0,1.0,1.851,120.0,1,0.03,0.03,411.03,4.23011,iob_linear
0,2025-01-01 11:15,675.0,324.9,1.8,0.0,7.255,PURE_MPC_BERGMAN,0.0,1.0,2.382,120.0,1,0.03,0.03,448.41,4.65747,iob_linear
0,2025-01-01 11:18,678.0,336.0,1.8,0.0,7.235,PURE_MPC_BERGMAN,0.0,1.0,2.842,120.0,1,0.03,0.03,485.82,5.09208,iob_linear
0,2025-01-01 11:21,681.0,346.2,1.8,0.0,7.214,PURE_MPC_BERGMAN,0.0,1.0,3.186,120.0,1,0.03,0.03,520.76,5.49709,iob_linear
0,2025-01-01 11:24,684.0,355.6,1.8,0.0,7.192,PURE_MPC_BERGMAN,0.0,1.0,3.397,120.0,1,0.03,0.03,551.16,5.84103,iob_linear
0,2025-01-01 11:27,687.0,364.0,1.8,0.0,7.17,PURE_MPC_BERGMAN,0.0,1.0,3.474,120.0,1,0.03,0.03,575.64,6.10176,iob_linear
0,2025-01-01 11:30,690.0,371.5,1.8,0.0,7.148,PURE_MPC_BERGMAN,0.0,1.0,3.428,120.0,1,0.03,0.03,593.49,6.2675,iob_linear
0,2025-01-01 11:33,693.0,378.1,1.8,0.0,7.127,PURE_MPC_BERGMAN,0.0,1.0,3.281,120.0,1,0.03,0.03,604.62,6.33653,iob_linear
0,2025-01-01 11:36,696.0,383.8,1.8,0.0,7.105,PURE_MPC_BERGMAN,0.0,1.0,3.061,120.0,1,0.03,0.03,609.5,6.31596,iob_linear
0,2025-01-01 11:39,699.0,388.7,1.8,0.0,7.084,PURE_MPC_BERGMAN,0.0,1.0,2.797,120.0,1,0.03,0.03,608.99,6.21933,iob_linear
0,2025-01-01 11:42,702.0,392.9,1.8,0.0,7.063,PURE_MPC_BERGMAN,0.0,1.0,2.512,120.0,1,0.03,0.03,604.17,6.06338,iob_linear
0,2025-01-01 11:45,705.0,396.3,1.8,0.0,7.042,PURE_MPC_BERGMAN,0.0,1.0,2.224,120.0,1,0.03,0.03,596.1,5.86495,iob_linear
0,2025-01-01 11:48,708.0,399.1,1.8,0.0,7.022,PURE_MPC_BERGMAN,0.0,1.0,1.943,120.0,1,0.03,0.03,585.7,5.63895,iob_linear
0,2025-01-01 11:51,711.0,401.2,1.8,0.0,7.002,PURE_MPC_BERGMAN,0.0,1.0,1.673,120.0,1,0.03,0.03,573.68,5.39722,iob_linear
0,2025-01-01 11:54,714.0,402.6,1.8,0.0,6.983,PURE_MPC_BERGMAN,0.0,1.0,1.416,120.0,1,0.03,0.03,560.55,5.14825,iob_linear
0,2025-01-01 11:57,717.0,403.4,1.83077,0.0,6.966,PURE_MPC_BERGMAN,0.0,1.0,1.17,120.0,1,0.030513,0.030513,546.27,4.89759,iob_linear
0,2025-01-01 12:00,720.0,403.5,1.86187,0.0,6.95,PURE_MPC_BERGMAN,0.0,1.0,0.934,120.0,1,0.031031,0.031031,531.43,4.64892,iob_linear
0,2025-01-01 12:03,723.0,403.1,1.8893,0.0,6.937,PURE_MPC_BERGMAN,0.0,1.0,0.708,120.0,1,0.031488,0.031488,516.35,4.40484,iob_linear
0,2025-01-01 12:06,726.0,402.3,1.91337,0.0,6.925,PURE_MPC_BERGMAN,0.0,1.0,0.493,120.0,1,0.03189,0.03189,501.29,4.16765,iob_linear
0,2025-01-01 12:09,729.0,401.2,1.93439,0.0,6.915,PURE_MPC_BERGMAN,0.0,1.0,0.292,120.0,1,0.03224,0.03224,486.54,3.93991,iob_linear
0,2025-01-01 12:12,732.0,400.0,1.95265,0.0,6.906,PURE_MPC_BERGMAN,0.0,1.0,0.111,120.0,1,0.032544,0.032544,472.4,3.72483,iob_linear
0,2025-01-01 12:15,735.0,398.7,1.96839,0.0,6.899,PURE_MPC_BERGMAN,0.0,1.0,-0.045,120.0,1,0.032807,0.032807,459.23,3.52631,iob_linear
0,2025-01-01 12:18,738.0,397.6,1.98188,0.0,6.893,PURE_MPC_BERGMAN,0.0,1.0,-0.17,120.0,1,0.033031,0.033031,447.37,3.34866,iob_linear
0,2025-01-01 12:21,741.0,396.6,1.99333,0.0,6.887,PURE_MPC_BERGMAN,0.0,1.0,-0.261,120.0,1,0.033222,0.033222,437.21,3.1962,iob_linear
0,2025-01-01 12:24,744.0,395.8,2.00296,0.0,6.883,PURE_MPC_BERGMAN,0.0,1.0,-0.315,120.0,1,0.033383,0.033383,429.07,3.07272,iob_linear
0,2025-01-01 12:27,747.0,395.8,2.01096,0.0,6.879,PURE_MPC_BERGMAN,0.0,1.0,-0.325,120.0,1,0.033516,0.033516,423.59,2.98258,iob_linear
0,2025-01-01 12:30,750.0,396.2,2.01752,0.0,6.876,PURE_MPC_BERGMAN,0.0,1.0,-0.294,120.0,1,0.033625,0.033625,420.8,2.9284,iob_linear
0,2025-01-01 12:33,753.0,395.7,2.02279,0.0,6.874,PURE_MPC_BERGMAN,0.0,1.0,-0.252,120.0,1,0.033713,0.033713,418.74,2.90272,iob_linear
0,2025-01-01 12:36,756.0,394.4,2.02693,0.0,6.872,PURE_MPC_BERGMAN,0.0,1.0,-0.221,120.0,1,0.033782,0.033782,416.87,2.89348,iob_linear
0,2025-01-01 12:39,759.0,392.5,2.03009,0.0,6.871,PURE_MPC_BERGMAN,0.0,1.0,-0.218,120.0,1,0.033835,0.033835,414.59,2.8877,iob_linear
0,2025-01-01 12:42,762.0,390.1,2.03237,0.0,6.87,PURE_MPC_BERGMAN,0.0,1.0,-0.25,120.0,1,0.033873,0.033873,411.4,2.87398,iob_linear
0,2025-01-01 12:45,765.0,387.5,2.03392,0.0,6.87,PURE_MPC_BERGMAN,0.0,1.0,-0.317,120.0,1,0.033899,0.033899,406.98,2.8441,iob_linear
0,2025-01-01 12:48,768.0,384.8,2.03482,0.0,6.869,PURE_MPC_BERGMAN,0.0,1.0,-0.414,120.0,1,0.033914,0.033914,401.29,2.79402,iob_linear
0,2025-01-01 12:51,771.0,382.2,2.03518,0.0,6.869,PURE_MPC_BERGMAN,0.0,1.0,-0.529,120.0,1,0.03392,0.03392,394.53,2.72453,iob_linear
0,2025-01-01 12:54,774.0,379.9,2.03508,0.0,6.87,PURE_MPC_BERGMAN,0.0,1.0,-0.643,120.0,1,0.033918,0.033918,387.25,2.6415,iob_linear
0,2025-01-01 12:57,777.0,378.1,2.03456,0.0,6.87,PURE_MPC_BERGMAN,0.0,1.0,-0.729,120.0,1,0.033909,0.033909,380.4,2.55788,iob_linear
0,2025-01-01 13:00,780.0,376.8,2.0337,0.0,6.871,PURE_MPC_BERGMAN,0.0,1.0,-0.756,120.0,1,0.033895,0.033895,375.09,2.49129,iob_linear
0,2025-01-01 13:03,783.0,375.9,2.03253,0.0,6.872,PURE_MPC_BERGMAN,0.0,1.0,-0.731,120.0,1,0.033876,0.033876,371.89,2.45213,iob_linear
0,2025-01-01 13:06,786.0,375.4,2.03111,0.0,6.873,PURE_MPC_BERGMAN,0.0,1.0,-0.665,120.0,1,0.033852,0.033852,370.93,2.44467,iob_linear
0,2025-01-01 13:09,789.0,375.1,2.02947,0.0,6.874,PURE_MPC_BERGMAN,0.0,1.0,-0.57,120.0,1,0.033824,0.033824,372.07,2.46812,iob_linear
0,2025-01-01 13:12,792.0,375.0,2.02764,0.0,6.875,PURE_MPC_BERGMAN,0.0,1.0,-0.46,120.0,1,0.033794,0.033794,374.92,2.51774,iob_linear
0,2025-01-01 13:15,795.0,374.9,2.02567,0.0,6.876,PURE_MPC_BERGMAN,0.0,1.0,-0.349,120.0,1,0.033761,0.033761,378.84,2.58571,iob_linear
0,2025-01-01 13:18,798.0,374.5,2.02358,0.0,6.877,PURE_MPC_BERGMAN,0.0,1.0,-0.255,120.0,1,0.033726,0.033726,383.04,2.66185,iob_linear
0,2025-01-01 13:21,801.0,373.7,2.02141,0.0,6.878,PURE_MPC_BERGMAN,0.0,1.0,-0.19,120.0,1,0.03369,0.03369,386.59,2.73455,iob_linear
0,2025-01-01 13:24,804.0,372.2,2.01916,0.0,6.88,PURE_MPC_BERGMAN,0.0,1.0,-0.17,120.0,1,0.033653,0.033653,388.55,2.79187,iob_linear
0,2025-01-01 13:27,807.0,369.9,2.01687,0.0,6.881,PURE_MPC_BERGMAN,0.0,1.0,-0.2,120.0,1,0.033614,0.033614,388.12,2.82299,iob_linear
0,2025-01-01 13:30,810.0,366.9,2.01455,0.0,6.882,PURE_MPC_BERGMAN,0.0,1.0,-0.281,120.0,1,0.033576,0.033576,384.98,2.82065,iob_linear
0,2025-01-01 13:33,813.0,363.8,2.01222,0.0,6.883,PURE_MPC_BERGMAN,0.0,1.0,-0.398,120.0,1,0.033537,0.033537,379.71,2.78426,iob_linear
0,2025-01-01 13:36,816.0,361.3,2.0099,0.0,6.885,PURE_MPC_BERGMAN,0.0,1.0,-0.522,120.0,1,0.033498,0.033498,373.44,2.72165,iob_linear
0,2025-01-01 13:39,819.0,360.0,2.00759,0.0,6.886,PURE_MPC_BERGMAN,0.0,1.0,-0.618,120.0,1,0.03346,0.03346,367.87,2.64932,iob_linear
0,2025-01-01 13:42,822.0,360.7,2.00532,0.0,6.887,PURE_MPC_BERGMAN,0.0,1.0,-0.643,120.0,1,0.033422,0.033422,365.04,2.59115,iob_linear
0,2025-01-01 13:45,825.0,363.3,2.0031,0.0,6.888,PURE_MPC_BERGMAN,0.0,1.0,-0.567,120.0,1,0.033385,0.033385,366.64,2.57362,iob_linear
0,2025-01-01 13:48,828.0,367.3,2.00092,0.0,6.89,PURE_MPC_BERGMAN,0.0,1.0,-0.38,120.0,1,0.033349,0.033349,373.22,2.61749,iob_linear
0,2025-01-01 13:51,831.0,371.7,1.99881,0.0,6.891,PURE_MPC_BERGMAN,0.0,1.0,-0.102,120.0,1,0.033313,0.033313,384.47,2.73163,iob_linear
0,2025-01-01 13:54,834.0,375.7,1.99676,0.0,6.892,PURE_MPC_BERGMAN,0.0,1.0,0.223,120.0,1,0.033279,0.033279,399.16,2.90941,iob_linear
0,2025-01-01 13:57,837.0,378.6,1.99479,0.0,6.893,PURE_MPC_BERGMAN,0.0,1.0,0.536,120.0,1,0.033247,0.033247,415.12,3.12769,iob_linear
0,2025-01-01 14:00,840.0,379.9,1.9929,0.0,6.894,PURE_MPC_BERGMAN,0.0,1.0,0.77,120.0,1,0.033215,0.033215,429.84,3.35103,iob_linear
0,2025-01-01 14:03,843.0,379.9,1.9911,0.0,6.88,PURE_MPC_BERGMAN,0.0,1.0,0.884,120.0,1,0.033185,0.033185,441.26,3.54145,iob_linear
0,2025-01-01 14:06,846.0,378.9,2.01598,0.0,6.864,PURE_MPC_BERGMAN,0.0,1.0,0.858,120.0,1,0.0336,0.0336,447.66,3.66513,iob_linear
0,2025-01-01 14:09,849.0,377.2,2.04455,0.0,6.85,PURE_MPC_BERGMAN,0.0,1.0,0.703,120.0,1,0.034076,0.034076,448.26,3.7032,iob_linear
0,2025-01-01 14:12,852.0,375.2,2.0697,0.0,6.845,PURE_MPC_BERGMAN,0.0,1.0,0.457,120.0,1,0.034495,0.034495,443.25,3.65409,iob_linear
0,2025-01-01 14:15,855.0,373.0,2.07847,0.0,6.852,PURE_MPC_BERGMAN,0.0,1.0,0.171,120.0,1,0.034641,0.034641,433.83,3.53336,iob_linear
0,2025-01-01 14:18,858.0,370.8,2.06604,0.0,6.858,PURE_MPC_BERGMAN,0.0,1.0,-0.106,120.0,1,0.034434,0.034434,421.66,3.36671,iob_linear
0,2025-01-01 14:21,861.0,368.7,2.05479,0.0,6.864,PURE_MPC_BERGMAN,0.0,1.0,-0.337,120.0,1,0.034246,0.034246,408.43,3.18136,iob_linear
0,2025-01-01 14:24,864.0,366.8,2.04462,0.0,6.869,PURE_MPC_BERGMAN,0.0,1.0,-0.504,120.0,1,0.034077,0.034077,395.73,3.00244,iob_linear
0,2025-01-01 14:27,867.0,365.0,2.03545,0.0,6.874,PURE_MPC_BERGMAN,0.0,1.0,-0.603,120.0,1,0.033924,0.033924,384.71,2.84818,iob_linear
0,2025-01-01 14:30,870.0,363.4,2.02719,0.0,6.878,PURE_MPC_BERGMAN,0.0,1.0,-0.647,120.0,1,0.033786,0.033786,375.9,2.72773,iob_linear
0,2025-01-01 14:33,873.0,361.9,2.01977,0.0,6.881,PURE_MPC_BERGMAN,0.0,1.0,-0.651,120.0,1,0.033663,0.033663,369.31,2.64274,iob_linear
0,2025-01-01 14:36,876.0,360.4,2.0148,0.0,6.879,PURE_MPC_BERGMAN,13.0,1.0,-0.632,120.0,1,0.03358,0.03358,378.25,2.49182,iob_linear
0,2025-01-01 14:39,879.0,358.8,2.017,0.0,6.877,PURE_MPC_BERGMAN,0.0,1.0,-0.604,120.0,1,0.033617,0.033617,357.12,2.49171,iob_linear
0,2025-01-01 14:42,882.0,357.0,2.02222,0.0,6.874,PURE_MPC_BERGMAN,0.0,1.0,-0.579,120.0,1,0.033704,0.033704,355.78,2.49875,iob_linear
0,2025-01-01 14:45,885.0,355.2,2.02655,0.0,6.877,PURE_MPC_BERGMAN,0.0,1.0,-0.561,120.0,1,0.033776,0.033776,354.62,2.50879,iob_linear
0,2025-01-01 14:48,888.0,353.5,2.02062,0.0,6.881,PURE_MPC_BERGMAN,0.0,1.0,-0.551,120.0,1,0.033677,0.033677,353.55,2.5194,iob_linear
0,2025-01-01 14:51,891.0,351.9,2.01378,0.0,6.885,PURE_MPC_BERGMAN,0.0,1.0,-0.547,120.0,1,0.033563,0.033563,352.48,2.52849,iob_linear
0,2025-01-01 14:54,894.0,350.3,2.00775,0.0,6.888,PURE_MPC_BERGMAN,0.0,1.0,-0.548,120.0,1,0.033462,0.033462,351.3,2.53506,iob_linear
0,2025-01-01 14:57,897.0,347.5,2.00245,0.0,6.89,PURE_MPC_BERGMAN,0.0,1.0,-0.574,120.0,1,0.033374,0.033374,348.25,2.53215,iob_linear
0,2025-01-01 15:00,900.0,342.6,1.99781,0.0,6.892,PURE_MPC_BERGMAN,0.0,1.0,-0.653,120.0,1,0.033297,0.033297,341.86,2.50666,iob_linear
0,2025-01-01 15:03,903.0,339.4,1.99378,0.0,6.894,PURE_MPC_BERGMAN,0.0,1.0,-0.74,120.0,1,0.03323,0.03323,336.02,2.463,iob_linear
0,2025-01-01 15:06,906.0,337.4,1.99028,0.0,6.896,PURE_MPC_BERGMAN,0.0,1.0,-0.807,120.0,1,0.033171,0.033171,331.0,2.41284,iob_linear
0,2025-01-01 15:09,909.0,336.1,1.98727,0.0,6.897,PURE_MPC_BERGMAN,0.0,1.0,-0.838,120.0,1,0.033121,0.033121,327.15,2.36862,iob_linear
0,2025-01-01 15:12,912.0,335.4,1.98469,0.0,6.899,PURE_MPC_BERGMAN,0.0,1.0,-0.83,120.0,1,0.033078,0.033078,324.68,2.3401,iob_linear
0,2025-01-01 15:15,915.0,334.7,1.9825,0.0,6.9,PURE_MPC_BERGMAN,0.0,1.0,-0.787,120.0,1,0.033042,0.033042,323.6,2.33331,iob_linear
0,2025-01-01 15:18,918.0,333.8,1.98066,0.0,6.9,PURE_MPC_BERGMAN,0.0,1.0,-0.715,120.0,1,0.033011,0.033011,323.7,2.35017,iob_linear
0,2025-01-01 15:21,921.0,332.3,1.97912,0.0,6.901,PURE_MPC_BERGMAN,0.0,1.0,-0.627,120.0,1,0.032985,0.032985,324.49,2.38847,iob_linear
0,2025-01-01 15:24,924.0,329.9,1.97785,0.0,6.902,PURE_MPC_BERGMAN,0.0,1.0,-0.539,120.0,1,0.032964,0.032964,325.26,2.44178,iob_linear
0,2025-01-01 15:27,927.0,326.2,1.97683,0.0,6.902,PURE_MPC_BERGMAN,0.0,1.0,-0.499,120.0,1,0.032947,0.032947,324.6,2.49137,iob_linear
0,2025-01-01 15:30,930.0,321.4,1.97602,0.0,6.903,PURE_MPC_BERGMAN,0.0,1.0,-0.569,120.0,1,0.032934,0.032934,320.57,2.50514,iob_linear
0,2025-01-01 15:33,933.0,315.7,1.9754,0.0,6.903,PURE_MPC_BERGMAN,0.0,1.0,-0.728,120.0,1,0.032923,0.032923,312.61,2.46708,iob_linear
0,2025-01-01 15:36,936.0,309.7,1.97495,0.0,6.903,PURE_MPC_BERGMAN,0.0,1.0,-0.945,120.0,1,0.032916,0.032916,301.1,2.37526,iob_linear
0,2025-01-01 15:39,939.0,303.8,1.97464,0.0,6.903,PURE_MPC_BERGMAN,0.0,1.0,-1.184,120.0,1,0.032911,0.032911,287.12,2.23947,iob_linear
0,2025-01-01 15:42,942.0,298.6,1.97445,0.0,6.903,PURE_MPC_BERGMAN,0.0,1.0,-1.404,120.0,1,0.032908,0.032908,272.21,2.0784,iob_linear
0,2025-01-01 15:45,945.0,294.1,1.97438,0.0,6.903,PURE_MPC_BERGMAN,0.0,1.0,-1.572,120.0,1,0.032906,0.032906,257.97,1.91535,iob_linear
0,2025-01-01 15:48,948.0,290.2,1.9744,0.0,6.903,PURE_MPC_BERGMAN,0.0,1.0,-1.667,120.0,1,0.032907,0.032907,245.46,1.77247,iob_linear
0,2025-01-01 15:51,951.0,286.5,1.9745,0.0,6.903,PURE_MPC_BERGMAN,0.0,1.0,-1.689,120.0,1,0.032908,0.032908,235.33,1.66609,iob_linear
0,2025-01-01 15:54,954.0,282.6,1.97467,0.0,6.903,PURE_MPC_BERGMAN,0.0,1.0,-1.649,120.0,1,0.032911,0.032911,227.7,1.60349,iob_linear
0,2025-01-01 15:57,957.0,278.3,1.9749,0.0,6.903,PURE_MPC_BERGMAN,0.0,1.0,-1.577,120.0,1,0.032915,0.032915,222.06,1.5811,iob_linear
0,2025-01-01 16:00,960.0,273.5,1.97517,0.0,6.903,PURE_MPC_BERGMAN,0.0,1.0,-1.507,120.0,1,0.03292,0.03292,217.61,1.58654,iob_linear
0,2025-01-01 16:03,963.0,268.6,1.97549,0.0,6.902,PURE_MPC_BERGMAN,0.0,1.0,-1.459,120.0,1,0.032925,0.032925,213.8,1.60486,iob_linear
0,2025-01-01 16:06,966.0,264.0,1.97585,0.0,6.902,PURE_MPC_BERGMAN,0.0,1.0,-1.437,120.0,1,0.032931,0.032931,210.35,1.6241,iob_linear
0,2025-01-01 16:09,969.0,260.1,1.97623,0.0,6.902,PURE_MPC_BERGMAN,0.0,1.0,-1.431,120.0,1,0.032937,0.032937,207.37,1.63921,iob_linear
0,2025-01-01 16:12,972.0,257.3,1.97663,0.0,6.902,PURE_MPC_BERGMAN,0.0,1.0,-1.417,120.0,1,0.032944,0.032944,205.46,1.65423,iob_linear
0,2025-01-01 16:15,975.0,255.6,1.97705,0.0,6.901,PURE_MPC_BERGMAN,0.0,1.0,-1.365,120.0,1,0.032951,0.032951,205.3,1.68011,iob_linear
0,2025-01-01 16:18,978.0,254.5,1.97748,0.0,6.9,PURE_MPC_BERGMAN,0.0,1.0,-1.266,120.0,1,0.032958,0.032958,207.03,1.72788,iob_linear
0,2025-01-01 16:21,981.0,253.3,1.97958,0.0,6.882,PURE_MPC_BERGMAN,0.0,1.0,-1.128,120.0,1,0.032993,0.032993,210.31,1.80268,iob_linear
0,2025-01-01 16:24,984.0,251.4,2.01308,0.0,6.865,PURE_MPC_BERGMAN,0.0,1.0,-0.976,120.0,1,0.033551,0.033551,214.1,1.89813,iob_linear
0,2025-01-01 16:27,987.0,248.2,2.04279,0.0,6.851,PURE_MPC_BERGMAN,0.0,1.0,-0.851,120.0,1,0.034046,0.034046,217.03,2.00019,iob_linear
0,2025-01-01 16:30,990.0,243.6,2.06907,0.0,6.839,PURE_MPC_BERGMAN,0.0,1.0,-0.794,120.0,1,0.034484,0.034484,217.6,2.08673,iob_linear
0,2025-01-01 16:33,993.0,238.0,2.08932,0.0,6.831,PURE_MPC_BERGMAN,0.0,1.0,-0.826,120.0,1,0.034822,0.034822,214.97,2.13609,iob_linear
0,2025-01-01 16:36,996.0,232.1,2.1048,0.0,6.824,PURE_MPC_BERGMAN,0.0,1.0,-0.946,120.0,1,0.03508,0.03508,208.87,2.13369,iob_linear
0,2025-01-01 16:39,999.0,226.3,2.11761,0.0,6.821,PURE_MPC_BERGMAN,0.0,1.0,-1.127,120.0,1,0.035294,0.035294,199.71,2.07679,iob_linear
0,2025-01-01 16:42,1002.0,221.4,2.12284,0.0,6.817,PURE_MPC_BERGMAN,0.0,1.0,-1.324,120.0,1,0.035381,0.035381,188.77,1.9774,iob_linear
0,2025-01-01 16:45,1005.0,217.4,2.1294,0.0,6.815,PURE_MPC_BERGMAN,0.0,1.0,-1.486,120.0,1,0.03549,0.03549,177.69,1.85874,iob_linear
0,2025-01-01 16:48,1008.0,214.3,2.13317,0.0,6.814,PURE_MPC_BERGMAN,0.0,1.0,-1.575,120.0,1,0.035553,0.035553,167.95,1.74849,iob_linear
0,2025-01-01 16:51,1011.0,211.8,2.13462,0.0,6.814,PURE_MPC_BERGMAN,0.0,1.0,-1.576,120.0,1,0.035577,0.035577,160.76,1.67108,iob_linear
0,2025-01-01 16:54,1014.0,209.5,2.13415,0.0,6.815,PURE_MPC_BERGMAN,0.0,1.0,-1.492,120.0,1,0.035569,0.035569,156.77,1.64214,iob_linear
0,2025-01-01 16:57,1017.0,207.3,2.13213,0.0,6.817,PURE_MPC_BERGMAN,0.0,1.0,-1.349,120.0,1,0.035536,0.035536,155.93,1.66481,iob_linear
0,2025-01-01 17:00,1020.0,205.0,2.12887,0.0,6.82,PURE_MPC_BERGMAN,0.0,1.0,-1.186,120.0,1,0.035481,0.035481,157.54,1.73002,iob_linear
0,2025-01-01 17:03,1023.0,202.6,2.12463,0.0,6.822,PURE_MPC_BERGMAN,0.0,1.0,-1.033,120.0,1,0.03541,0.03541,160.66,1.82176,iob_linear
0,2025-01-01 17:06,1026.0,200.2,2.11964,0.0,6.826,PURE_MPC_BERGMAN,0.0,1.0,-0.913,120.0,1,0.035327,0.035327,164.31,1.92237,iob_linear
0,2025-01-01 17:09,1029.0,197.9,2.11409,0.0,6.829,PURE_MPC_BERGMAN,0.0,1.0,-0.834,120.0,1,0.035235,0.035235,167.65,2.01687,iob_linear
0,2025-01-01 17:12,1032.0,195.7,2.10811,0.0,6.832,PURE_MPC_BERGMAN,0.0,1.0,-0.791,120.0,1,0.035135,0.035135,170.2,2.09636,iob_linear
0,2025-01-01 17:15,1035.0,193.6,2.10182,0.0,6.836,PURE_MPC_BERGMAN,0.0,1.0,-0.769,120.0,1,0.03503,0.03503,171.92,2.15902,iob_linear
0,2025-01-01 17:18,1038.0,191.8,2.09533,0.0,6.84,PURE_MPC_BERGMAN,0.0,1.0,-0.753,120.0,1,0.034922,0.034922,173.07,2.20817,iob_linear
0,2025-01-01 17:21,1041.0,190.3,2.08876,0.0,6.843,PURE_MPC_BERGMAN,0.0,1.0,-0.73,120.0,1,0.034813,0.034813,174.09,2.25002,iob_linear
0,2025-01-01 17:24,1044.0,189.2,2.08218,0.0,6.847,PURE_MPC_BERGMAN,0.0,1.0,-0.691,120.0,1,0.034703,0.034703,175.47,2.29161,iob_linear
0,2025-01-01 17:27,1047.0,188.8,2.07569,0.0,6.85,PURE_MPC_BERGMAN,0.0,1.0,-0.625,120.0,1,0.034595,0.034595,178.07,2.34096,iob_linear
0,2025-01-01 17:30,1050.0,189.0,2.06933,0.0,6.854,PURE_MPC_BERGMAN,0.0,1.0,-0.532,120.0,1,0.034489,0.034489,182.08,2.40392,iob_linear
0,2025-01-01 17:33,1053.0,188.2,2.06316,0.0,6.857,PURE_MPC_BERGMAN,0.0,1.0,-0.443,120.0,1,0.034386,0.034386,185.5,2.47518,iob_linear
0,2025-01-01 17:36,1056.0,186.5,2.05723,0.0,6.86,PURE_MPC_BERGMAN,0.0,1.0,-0.379,120.0,1,0.034287,0.034287,187.99,2.54459,iob_linear
0,2025-01-01 17:39,1059.0,184.2,2.05156,0.0,6.863,PURE_MPC_BERGMAN,0.0,1.0,-0.353,120.0,1,0.034193,0.034193,189.16,2.60147,iob_linear
0,2025-01-01 17:42,1062.0,181.7,2.04617,0.0,6.866,PURE_MPC_BERGMAN,0.0,1.0,-0.368,120.0,1,0.034103,0.034103,188.75,2.63728,iob_linear
0,2025-01-01 17:45,1065.0,179.1,2.04108,0.0,6.869,PURE_MPC_BERGMAN,0.0,1.0,-0.419,120.0,1,0.034018,0.034018,186.75,2.64734,iob_linear
0,2025-01-01 17:48,1068.0,176.7,2.03629,0.0,6.871,PURE_MPC_BERGMAN,0.0,1.0,-0.495,120.0,1,0.033938,0.033938,183.41,2.63178,iob_linear
0,2025-01-01 17:51,1071.0,174.7,2.03195,0.0,6.873,PURE_MPC_BERGMAN,0.0,1.0,-0.58,120.0,1,0.033866,0.033866,179.3,2.59595,iob_linear
0,2025-01-01 17:54,1074.0,173.4,2.02808,0.0,6.875,PURE_MPC_BERGMAN,0.0,1.0,-0.649,120.0,1,0.033801,0.033801,175.32,2.55047,iob_linear
0,2025-01-01 17:57,1077.0,173.1,2.02465,0.0,6.877,PURE_MPC_BERGMAN,0.0,1.0,-0.668,120.0,1,0.033744,0.033744,172.72,2.51293,iob_linear
0,2025-01-01 18:00,1080.0,173.6,2.02162,0.0,6.878,PURE_MPC_BERGMAN,0.0,1.0,-0.611,120.0,1,0.033694,0.033694,172.7,2.50416,iob_linear
0,2025-01-01 18:03,1083.0,174.5,2.01894,0.0,6.88,PURE_MPC_BERGMAN,0.0,1.0,-0.493,120.0,1,0.033649,0.033649,175.38,2.5335,iob_linear
0,2025-01-01 18:06,1086.0,175.3,2.0166,0.0,6.881,PURE_MPC_BERGMAN,0.0,1.0,-0.343,120.0,1,0.03361,0.03361,180.14,2.59927,iob_linear
0,2025-01-01 18:09,1089.0,175.5,2.01456,0.0,6.882,PURE_MPC_BERGMAN,0.0,1.0,-0.194,120.0,1,0.033576,0.033576,185.77,2.69005,iob_linear
0,2025-01-01 18:12,1092.0,174.6,2.0128,0.0,6.883,PURE_MPC_BERGMAN,0.0,1.0,-0.084,120.0,1,0.033547,0.033547,190.69,2.78696,iob_linear
0,2025-01-01 18:15,1095.0,172.7,2.01129,0.0,6.883,PURE_MPC_BERGMAN,0.0,1.0,-0.038,120.0,1,0.033521,0.033521,193.66,2.86875,iob_linear
0,2025-01-01 18:18,1098.0,170.5,2.01001,0.0,6.884,PURE_MPC_BERGMAN,0.0,1.0,-0.059,120.0,1,0.0335,0.0335,194.5,2.91954,iob_linear
0,2025-01-01 18:21,1101.0,168.9,2.00894,0.0,6.884,PURE_MPC_BERGMAN,0.0,1.0,-0.128,120.0,1,0.033482,0.033482,193.84,2.93457,iob_linear
0,2025-01-01 18:24,1104.0,168.9,2.00806,0.0,6.885,PURE_MPC_BERGMAN,0.0,1.0,-0.201,120.0,1,0.033468,0.033468,193.19,2.92331,iob_linear
0,2025-01-01 18:27,1107.0,171.3,2.00736,0.0,6.885,PURE_MPC_BERGMAN,0.0,1.0,-0.22,120.0,1,0.033456,0.033456,194.78,2.90983,iob_linear
0,2025-01-01 18:30,1110.0,176.0,2.00683,0.0,6.885,PURE_MPC_BERGMAN,79.0,1.0,-0.135,120.0,1,0.033447,0.033447,283.39,2.33342,iob_linear
0,2025-01-01 18:33,1113.0,181.7,2.00644,0.0,6.885,PURE_MPC_BERGMAN,0.0,1.0,0.063,120.0,1,0.033441,0.033441,185.43,2.58185,iob_linear
0,2025-01-01 18:36,1116.0,186.6,2.00619,0.0,6.886,PURE_MPC_BERGMAN,0.0,1.0,0.34,120.0,1,0.033436,0.033436,205.79,2.83886,iob_linear
0,2025-01-01 18:39,1119.0,189.3,2.00606,0.0,6.886,PURE_MPC_BERGMAN,0.0,1.0,0.625,120.0,1,0.033434,0.033434,224.41,3.10415,iob_linear
0,2025-01-01 18:42,1122.0,188.6,2.00605,0.0,6.885,PURE_MPC_BERGMAN,0.0,1.0,0.82,120.0,1,0.033434,0.033434,238.34,3.34855,iob_linear
0,2025-01-01 18:45,1125.0,184.4,2.00614,0.0,6.885,PURE_MPC_BERGMAN,0.0,1.0,0.841,120.0,1,0.033436,0.033436,244.85,3.52597,iob_linear
0,2025-01-01 18:48,1128.0,178.7,2.00633,0.0,6.885,PURE_MPC_BERGMAN,0.0,1.0,0.662,120.0,1,0.033439,0.033439,243.35,3.59631,iob_linear
0,2025-01-01 18:51,1131.0,173.6,2.00661,0.0,6.885,PURE_MPC_BERGMAN,0.0,1.0,0.322,120.0,1,0.033444,0.033444,235.07,3.5434,iob_linear
0,2025-01-01 18:54,1134.0,171.2,2.00697,0.0,6.885,PURE_MPC_BERGMAN,0.0,1.0,-0.081,120.0,1,0.033449,0.033449,223.22,3.38568,iob_linear
0,2025-01-01 18:57,1137.0,173.3,2.0074,0.0,6.884,PURE_MPC_BERGMAN,0.0,1.0,-0.4,120.0,1,0.033457,0.033457,212.96,3.17933,iob_linear
0,2025-01-01 19:00,1140.0,180.5,2.0079,0.0,6.884,PURE_MPC_BERGMAN,0.0,1.0,-0.492,120.0,1,0.033465,0.033465,209.85,3.0072,iob_linear
0,2025-01-01 19:03,1143.0,191.8,2.00847,0.0,6.884,PURE_MPC_BERGMAN,0.0,1.0,-0.273,120.0,1,0.033474,0.033474,217.82,2.95248,iob_linear
0,2025-01-01 19:06,1146.0,205.5,2.00909,0.0,6.883,PURE_MPC_BERGMAN,0.0,1.0,0.264,120.0,1,0.033485,0.033485,238.91,3.07538,iob_linear
0,2025-01-01 19:09,1149.0,220.0,2.00976,0.0,6.883,PURE_MPC_BERGMAN,0.0,1.0,1.049,120.0,1,0.033496,0.033496,272.67,3.39668,iob_linear
0,2025-01-01 19:12,1152.0,233.6,2.01049,0.0,6.883,PURE_MPC_BERGMAN,0.0,1.0,1.94,120.0,1,0.033508,0.033508,315.81,3.88895,iob_linear
0,2025-01-01 19:15,1155.0,245.3,2.01126,0.0,6.882,PURE_MPC_BERGMAN,0.0,1.0,2.77,120.0,1,0.033521,0.033521,363.13,4.48256,iob_linear
0,2025-01-01 19:18,1158.0,255.0,2.01207,0.0,6.882,PURE_MPC_BERGMAN,0.0,1.0,3.404,120.0,1,0.033535,0.033535,409.18,5.08815,iob_linear
0,2025-01-01 19:21,1161.0,263.0,2.01292,0.0,6.881,PURE_MPC_BERGMAN,0.0,1.0,3.761,120.0,1,0.033549,0.033549,448.99,5.61897,iob_linear
0,2025-01-01 19:24,1164.0,269.6,2.01381,0.0,6.881,PURE_MPC_BERGMAN,0.0,1.0,3.823,120.0,1,0.033563,0.033563,478.99,6.00915,iob_linear
0,2025-01-01 19:27,1167.0,275.2,2.01471,0.0,6.88,PURE_MPC_BERGMAN,0.0,1.0,3.638,120.0,1,0.033579,0.033579,497.71,6.2267,iob_linear
0,2025-01-01 19:30,1170.0,280.4,2.01562,0.0,6.88,PURE_MPC_BERGMAN,0.0,1.0,3.295,120.0,1,0.033594,0.033594,505.77,6.27587,iob_linear
0,2025-01-01 19:33,1173.0,285.1,2.01652,0.0,6.879,PURE_MPC_BERGMAN,0.0,1.0,2.884,120.0,1,0.033609,0.033609,505.2,6.18714,iob_linear
0,2025-01-01 19:36,1176.0,289.7,2.0174,0.0,6.879,PURE_MPC_BERGMAN,0.0,1.0,2.485,120.0,1,0.033623,0.033623,498.82,6.00508,iob_linear
0,2025-01-01 19:39,1179.0,294.2,2.01825,0.0,6.878,PURE_MPC_BERGMAN,0.0,1.0,2.149,120.0,1,0.033638,0.033638,489.64,5.77687,iob_linear
0,2025-01-01 19:42,1182.0,298.8,2.01906,0.0,6.878,PURE_MPC_BERGMAN,0.0,1.0,1.9,120.0,1,0.033651,0.033651,480.23,5.54252,iob_linear
0,2025-01-01 19:45,1185.0,303.8,2.01983,0.0,6.877,PURE_MPC_BERGMAN,0.0,1.0,1.738,120.0,1,0.033664,0.033664,472.4,5.32976,iob_linear
0,2025-01-01 19:48,1188.0,309.1,2.02056,0.0,6.877,PURE_MPC_BERGMAN,0.0,1.0,1.653,120.0,1,0.033676,0.033676,467.3,5.1553,iob_linear
0,2025-01-01 19:51,1191.0,315.1,2.02123,0.0,6.877,PURE_MPC_BERGMAN,0.0,1.0,1.635,120.0,1,0.033687,0.033687,465.57,5.02753,iob_linear
0,2025-01-01 19:54,1194.0,321.7,2.02185,0.0,6.876,PURE_MPC_BERGMAN,0.0,1.0,1.672,120.0,1,0.033697,0.033697,467.49,4.94936,iob_linear
0,2025-01-01 19:57,1197.0,330.5,2.02252,0.0,6.876,PURE_MPC_BERGMAN,0.0,1.0,1.786,120.0,1,0.033709,0.033709,475.04,4.92854,iob_linear
0,2025-01-01 20:00,1200.0,341.1,2.02324,0.0,6.876,PURE_MPC_BERGMAN,0.0,1.0,1.982,120.0,1,0.033721,0.033721,488.27,4.97269,iob_linear
0,2025-01-01 20:03,1203.0,347.1,2.02399,0.0,6.875,PURE_MPC_BERGMAN,0.0,1.0,2.148,120.0,1,0.033733,0.033733,499.21,5.05363,iob_linear
0,2025-01-01 20:06,1206.0,349.5,2.02473,0.0,6.875,PURE_MPC_BERGMAN,0.0,1.0,2.208,120.0,1,0.033745,0.033745,506.02,5.1282,iob_linear
0,2025-01-01 20:09,1209.0,348.8,2.02545,0.0,6.874,PURE_MPC_BERGMAN,0.0,1.0,2.115,120.0,1,0.033758,0.033758,506.78,5.15221,iob_linear
0,2025-01-01 20:12,1212.0,345.8,2.02615,0.0,6.874,PURE_MPC_BERGMAN,0.0,1.0,1.849,120.0,1,0.033769,0.033769,500.05,5.08943,iob_linear
0,2025-01-01 20:15,1215.0,341.3,2.0268,0.0,6.874,PURE_MPC_BERGMAN,0.0,1.0,1.422,120.0,1,0.03378,0.03378,485.19,4.91715,iob_linear
0,2025-01-01 20:18,1218.0,336.0,2.02741,0.0,6.873,PURE_MPC_BERGMAN,0.0,1.0,0.864,120.0,1,0.03379,0.03379,462.55,4.62922,iob_linear
0,2025-01-01 20:21,1221.0,330.5,2.02796,0.0,6.873,PURE_MPC_BERGMAN,0.0,1.0,0.23,120.0,1,0.033799,0.033799,433.57,4.2375,iob_linear
0,2025-01-01 20:24,1224.0,325.6,2.02845,0.0,6.873,PURE_MPC_BERGMAN,0.0,1.0,-0.407,120.0,1,0.033807,0.033807,400.75,3.77194,iob_linear
0,2025-01-01 20:27,1227.0,322.0,2.02888,0.0,6.873,PURE_MPC_BERGMAN,0.0,1.0,-0.931,120.0,1,0.033815,0.033815,368.14,3.28886,iob_linear
0,2025-01-01 20:30,1230.0,319.9,2.02925,0.0,6.872,PURE_MPC_BERGMAN,0.0,1.0,-1.223,120.0,1,0.033821,0.033821,340.5,2.86299,iob_linear
0,2025-01-01 20:33,1233.0,319.1,2.02957,0.0,6.872,PURE_MPC_BERGMAN,0.0,1.0,-1.31,120.0,1,0.033826,0.033826,320.26,2.53902,iob_linear
0,2025-01-01 20:36,1236.0,319.1,2.02982,0.0,6.872,PURE_MPC_BERGMAN,0.0,1.0,-1.229,120.0,1,0.03383,0.03383,308.17,2.33639,iob_linear
0,2025-01-01 20:39,1239.0,319.7,2.03002,0.0,6.872,PURE_MPC_BERGMAN,0.0,1.0,-1.031,120.0,1,0.033834,0.033834,303.8,2.25406,iob_linear
0,2025-01-01 20:42,1242.0,320.4,2.03016,0.0,6.872,PURE_MPC_BERGMAN,0.0,1.0,-0.768,120.0,1,0.033836,0.033836,305.75,2.27515,iob_linear
0,2025-01-01 20:45,1245.0,320.9,2.03026,0.0,6.872,PURE_MPC_BERGMAN,0.0,1.0,-0.495,120.0,1,0.033838,0.033838,312.01,2.37184,iob_linear
0,2025-01-01 20:48,1248.0,320.9,2.03031,0.0,6.872,PURE_MPC_BERGMAN,0.0,1.0,-0.258,120.0,1,0.033838,0.033838,320.34,2.51052,iob_linear
0,2025-01-01 20:51,1251.0,320.2,2.03031,0.0,6.872,PURE_MPC_BERGMAN,0.0,1.0,-0.095,120.0,1,0.033839,0.033839,328.41,2.65659,iob_linear
0,2025-01-01 20:54,1254.0,318.6,2.03028,0.0,6.872,PURE_MPC_BERGMAN,0.0,1.0,-0.028,120.0,1,0.033838,0.033838,334.16,2.77905,iob_linear
0,2025-01-01 20:57,1257.0,315.9,2.03021,0.0,6.872,PURE_MPC_BERGMAN,0.0,1.0,-0.062,120.0,1,0.033837,0.033837,335.99,2.85456,iob_linear
0,2025-01-01 21:00,1260.0,312.1,2.03012,0.0,6.872,PURE_MPC_BERGMAN,0.0,1.0,-0.185,120.0,1,0.033835,0.033835,333.21,2.87041,iob_linear
0,2025-01-01 21:03,1263.0,307.9,2.02999,0.0,6.872,PURE_MPC_BERGMAN,0.0,1.0,-0.373,120.0,1,0.033833,0.033833,326.23,2.82517,iob_linear
0,2025-01-01 21:06,1266.0,303.6,2.02984,0.0,6.872,PURE_MPC_BERGMAN,0.0,1.0,-0.591,120.0,1,0.033831,0.033831,316.14,2.728,iob_linear
0,2025-01-01 21:09,1269.0,299.9,2.02968,0.0,6.873,PURE_MPC_BERGMAN,0.0,1.0,-0.801,120.0,1,0.033828,0.033828,304.59,2.59698,iob_linear
0,2025-01-01 21:12,1272.0,297.3,2.02949,0.0,6.873,PURE_MPC_BERGMAN,0.0,1.0,-0.964,120.0,1,0.033825,0.033825,293.55,2.45656,iob_linear
0,2025-01-01 21:15,1275.0,296.0,2.02929,0.0,6.873,PURE_MPC_BERGMAN,0.0,1.0,-1.047,120.0,1,0.033822,0.033822,284.84,2.33338,iob_linear
0,2025-01-01 21:18,1278.0,295.7,2.02908,0.0,6.873,PURE_MPC_BERGMAN,0.0,1.0,-1.035,120.0,1,0.033818,0.033818,279.55,2.25068,iob_linear
0,2025-01-01 21:21,1281.0,296.0,2.02886,0.0,6.873,PURE_MPC_BERGMAN,0.0,1.0,-0.931,120.0,1,0.033814,0.033814,278.26,2.22398,iob_linear
0,2025-01-01 21:24,1284.0,296.6,2.02864,0.0,6.873,PURE_MPC_BERGMAN,0.0,1.0,-0.755,120.0,1,0.033811,0.033811,280.89,2.25826,iob_linear
0,2025-01-01 21:27,1287.0,297.0,2.02841,0.0,6.873,PURE_MPC_BERGMAN,0.0,1.0,-0.54,120.0,1,0.033807,0.033807,286.68,2.34656,iob_linear
0,2025-01-01 21:30,1290.0,297.3,2.02818,0.0,6.873,PURE_MPC_BERGMAN,0.0,1.0,-0.328,120.0,1,0.033803,0.033803,294.44,2.47194,iob_linear
0,2025-01-01 21:33,1293.0,297.3,2.02794,0.0,6.873,PURE_MPC_BERGMAN,0.0,1.0,-0.151,120.0,1,0.033799,0.033799,302.96,2.6131,iob_linear
0,2025-01-01 21:36,1296.0,297.3,2.02771,0.0,6.874,PURE_MPC_BERGMAN,0.0,1.0,-0.025,120.0,1,0.033795,0.033795,311.16,2.74973,iob_linear
0,2025-01-01 21:39,1299.0,297.4,2.02749,0.0,6.874,PURE_MPC_BERGMAN,0.0,1.0,0.047,120.0,1,0.033791,0.033791,318.28,2.86676,iob_linear
0,2025-01-01 21:42,1302.0,297.7,2.02727,0.0,6.874,PURE_MPC_BERGMAN,0.0,1.0,0.076,120.0,1,0.033788,0.033788,324.03,2.9574,iob_linear
0,2025-01-01 21:45,1305.0,298.2,2.02705,0.0,6.874,PURE_MPC_BERGMAN,0.0,1.0,0.083,120.0,1,0.033784,0.033784,328.47,3.02292,iob_linear
0,2025-01-01 21:48,1308.0,298.7,2.02684,0.0,6.874,PURE_MPC_BERGMAN,0.0,1.0,0.082,120.0,1,0.033781,0.033781,331.66,3.0685,iob_linear
0,2025-01-01 21:51,1311.0,298.9,2.02664,0.0,6.874,PURE_MPC_BERGMAN,0.0,1.0,0.078,120.0,1,0.033777,0.033777,333.67,3.09935,iob_linear
0,2025-01-01 21:54,1314.0,298.4,2.02645,0.0,6.874,PURE_MPC_BERGMAN,0.0,1.0,0.068,120.0,1,0.033774,0.033774,334.35,3.11787,iob_linear
0,2025-01-01 21:57,1317.0,297.2,2.02627,0.0,6.874,PURE_MPC_BERGMAN,0.0,1.0,0.038,120.0,1,0.033771,0.033771,333.36,3.12201,iob_linear
0,2025-01-01 22:00,1320.0,295.2,2.0261,0.0,6.874,PURE_MPC_BERGMAN,0.0,1.0,-0.023,120.0,1,0.033768,0.033768,330.4,3.10642,iob_linear
0,2025-01-01 22:03,1323.0,292.8,2.02594,0.0,6.875,PURE_MPC_BERGMAN,0.0,1.0,-0.119,120.0,1,0.033766,0.033766,325.62,3.06679,iob_linear
0,2025-01-01 22:06,1326.0,290.4,2.02589,0.0,6.874,PURE_MPC_BERGMAN,0.0,1.0,-0.239,120.0,1,0.033765,0.033765,319.48,3.00324,iob_linear
0,2025-01-01 22:09,1329.0,288.7,2.02595,0.0,6.874,PURE_MPC_BERGMAN,0.0,1.0,-0.36,120.0,1,0.033766,0.033766,312.83,2.92218,iob_linear
0,2025-01-01 22:12,1332.0,287.8,2.02609,0.0,6.874,PURE_MPC_BERGMAN,0.0,1.0,-0.455,120.0,1,0.033768,0.033768,306.89,2.83702,iob_linear
0,2025-01-01 22:15,1335.0,288.3,2.02625,0.0,6.874,PURE_MPC_BERGMAN,0.0,1.0,-0.489,120.0,1,0.033771,0.033771,303.22,2.76719,iob_linear
0,2025-01-01 22:18,1338.0,290.6,2.02635,0.0,6.874,PURE_MPC_BERGMAN,0.0,1.0,-0.432,120.0,1,0.033773,0.033773,303.57,2.73548,iob_linear
0,2025-01-01 22:21,1341.0,294.9,2.0264,0.0,6.874,PURE_MPC_BERGMAN,0.0,1.0,-0.259,120.0,1,0.033773,0.033773,309.7,2.76507,iob_linear
0,2025-01-01 22:24,1344.0,301.8,2.02641,0.0,6.874,PURE_MPC_BERGMAN,0.0,1.0,0.044,120.0,1,0.033773,0.033773,323.21,2.87662,iob_linear
0,2025-01-01 22:27,1347.0,308.0,2.02638,0.0,6.874,PURE_MPC_BERGMAN,0.0,1.0,0.419,120.0,1,0.033773,0.033773,340.9,3.06736,iob_linear
0,2025-01-01 22:30,1350.0,309.5,2.02633,0.0,6.874,PURE_MPC_BERGMAN,0.0,1.0,0.732,120.0,1,0.033772,0.033772,356.0,3.29484,iob_linear
0,2025-01-01 22:33,1353.0,310.7,2.02627,0.0,6.874,PURE_MPC_BERGMAN,0.0,1.0,0.957,120.0,1,0.033771,0.033771,370.86,3.52154,iob_linear
0,2025-01-01 22:36,1356.0,311.7,2.02619,0.0,6.874,PURE_MPC_BERGMAN,0.0,1.0,1.075,120.0,1,0.03377,0.03377,383.47,3.71571,iob_linear
0,2025-01-01 22:39,1359.0,312.3,2.02614,0.0,6.874,PURE_MPC_BERGMAN,0.0,1.0,1.078,120.0,1,0.033769,0.033769,392.25,3.85253,iob_linear
0,2025-01-01 22:42,1362.0,312.4,2.02611,0.0,6.874,PURE_MPC_BERGMAN,0.0,1.0,0.969,120.0,1,0.033769,0.033769,396.14,3.91561,iob_linear
0,2025-01-01 22:45,1365.0,311.9,2.02611,0.0,6.874,PURE_MPC_BERGMAN,0.0,1.0,0.765,120.0,1,0.033768,0.033768,394.68,3.89844,iob_linear
0,2025-01-01 22:48,1368.0,310.9,2.02609,0.0,6.874,PURE_MPC_BERGMAN,0.0,1.0,0.497,120.0,1,0.033768,0.033768,388.12,3.80597,iob_linear
0,2025-01-01 22:51,1371.0,309.3,2.02606,0.0,6.874,PURE_MPC_BERGMAN,0.0,1.0,0.213,120.0,1,0.033768,0.033768,377.47,3.65618,iob_linear
0,2025-01-01 22:54,1374.0,306.9,2.02601,0.0,6.874,PURE_MPC_BERGMAN,0.0,1.0,-0.019,120.0,1,0.033767,0.033767,364.67,3.48163,iob_linear
0,2025-01-01 22:57,1377.0,303.9,2.02595,0.0,6.875,PURE_MPC_BERGMAN,0.0,1.0,-0.189,120.0,1,0.033766,0.033766,351.25,3.30861,iob_linear
0,2025-01-01 23:00,1380.0,300.2,2.02589,0.0,6.875,PURE_MPC_BERGMAN,0.0,1.0,-0.376,120.0,1,0.033765,0.033765,336.96,3.13137,iob_linear
0,2025-01-01 23:03,1383.0,296.2,2.02582,0.0,6.875,PURE_MPC_BERGMAN,0.0,1.0,-0.571,120.0,1,0.033764,0.033764,321.96,2.94874,iob_linear
0,2025-01-01 23:06,1386.0,292.0,2.02576,0.0,6.875,PURE_MPC_BERGMAN,0.0,1.0,-0.761,120.0,1,0.033763,0.033763,306.72,2.76375,iob_linear
0,2025-01-01 23:09,1389.0,288.1,2.02569,0.0,6.875,PURE_MPC_BERGMAN,0.0,1.0,-0.932,120.0,1,0.033762,0.033762,291.89,2.58299,iob_linear
0,2025-01-01 23:12,1392.0,284.5,2.02563,0.0,6.875,PURE_MPC_BERGMAN,0.0,1.0,-1.068,120.0,1,0.033761,0.033761,278.28,2.41571,iob_linear
0,2025-01-01 23:15,1395.0,281.4,2.02558,0.0,6.875,PURE_MPC_BERGMAN,0.0,1.0,-1.156,120.0,1,0.03376,0.03376,266.62,2.27217,iob_linear
0,2025-01-01 23:18,1398.0,278.8,2.02553,0.0,6.875,PURE_MPC_BERGMAN,0.0,1.0,-1.191,120.0,1,0.033759,0.033759,257.37,2.16125,iob_linear
0,2025-01-01 23:21,1401.0,276.6,2.02549,0.0,6.875,PURE_MPC_BERGMAN,0.0,1.0,-1.175,120.0,1,0.033758,0.033758,250.74,2.08859,iob_linear
0,2025-01-01 23:24,1404.0,274.5,2.02545,0.0,6.875,PURE_MPC_BERGMAN,0.0,1.0,-1.116,120.0,1,0.033757,0.033757,246.67,2.05545,iob_linear
0,2025-01-01 23:27,1407.0,272.5,2.02541,0.0,6.875,PURE_MPC_BERGMAN,0.0,1.0,-1.029,120.0,1,0.033757,0.033757,244.83,2.0581,iob_linear
0,2025-01-01 23:30,1410.0,270.4,2.02539,0.0,6.875,PURE_MPC_BERGMAN,0.0,1.0,-0.935,120.0,1,0.033756,0.033756,244.55,2.08813,iob_linear
0,2025-01-01 23:33,1413.0,268.1,2.02537,0.0,6.875,PURE_MPC_BERGMAN,0.0,1.0,-0.853,120.0,1,0.033756,0.033756,244.97,2.13387,iob_linear
0,2025-01-01 23:36,1416.0,265.3,2.02535,0.0,6.875,PURE_MPC_BERGMAN,0.0,1.0,-0.799,120.0,1,0.033756,0.033756,245.12,2.18209,iob_linear
0,2025-01-01 23:39,1419.0,262.0,2.02534,0.0,6.875,PURE_MPC_BERGMAN,0.0,1.0,-0.786,120.0,1,0.033756,0.033756,244.03,2.21963,iob_linear
0,2025-01-01 23:42,1422.0,257.9,2.02533,0.0,6.875,PURE_MPC_BERGMAN,0.0,1.0,-0.822,120.0,1,0.033756,0.033756,240.89,2.2352,iob_linear
0,2025-01-01 23:45,1425.0,253.1,2.02533,0.0,6.875,PURE_MPC_BERGMAN,0.0,1.0,-0.906,120.0,1,0.033755,0.033755,235.2,2.22094,iob_linear
0,2025-01-01 23:48,1428.0,247.7,2.02533,0.0,6.875,PURE_MPC_BERGMAN,0.0,1.0,-1.03,120.0,1,0.033755,0.033755,227.02,2.17366,iob_linear
0,2025-01-01 23:51,1431.0,242.2,2.02533,0.0,6.875,PURE_MPC_BERGMAN,0.0,1.0,-1.181,120.0,1,0.033756,0.033756,216.72,2.09528,iob_linear
0,2025-01-01 23:54,1434.0,236.6,2.02534,0.0,6.875,PURE_MPC_BERGMAN,0.0,1.0,-1.341,120.0,1,0.033756,0.033756,204.99,1.99263,iob_linear
0,2025-01-01 23:57,1437.0,231.3,2.02535,0.0,6.875,PURE_MPC_BERGMAN,0.0,1.0,-1.487,120.0,1,0.033756,0.033756,192.75,1.87674,iob_linear
